Employee_Name,EmpID,EmpStatusID,DeptID,PerfScoreID,FromDiversityJobFairID,Salary,Termd,PositionID,Position,State,Zip,DOB,Sex,MaritalDesc,CitizenDesc,HispanicLatino,RaceDesc,DateofHire,DateofTermination,TermReason,EmploymentStatus,Department,ManagerName,ManagerID,RecruitmentSource,PerformanceScore,EngagementSurvey,EmpSatisfaction,SpecialProjectsCount,LastPerformanceReview_Date,DaysLateLast30,Absences,PerformanceScoreNum,ProductivityRate,EmploymentDuration_Days,EmploymentDuration_Years,Age
Wilson K Adinolfi,10026,1,5,4,0,62506,0,19,Production Technician I,MA,1960,1983-07-10,M ,Single,US Citizen,No,White,2011-07-05,2025-04-28 19:48:37.833969,N/A-StillEmployed,Active,Production       ,Michael Albert,22.0,LinkedIn,Exceeds,4.6,5,0,2019-01-17,0,1,4,1.99,5046,13.824657534246576,41
Karthikeyan Ait Sidi,10084,5,3,3,0,104437,1,27,Sr. DBA,MA,2148,1975-05-05,M ,Married,US Citizen,No,White,2015-03-30,2016-06-16 00:00:00.000000,career change,Voluntarily Terminated,IT/IS,Simon Roup,4.0,Indeed,Fully Meets,4.96,3,6,2016-02-24,0,17,3,0.1934772786058628,444,1.2164383561643837,49
Sarah Akinkuolie,10196,5,5,3,0,64955,1,20,Production Technician II,MA,1810,1988-09-19,F,Married,US Citizen,No,White,2011-07-05,2012-09-24 00:00:00.000000,hours,Voluntarily Terminated,Production       ,Kissy Sullivan,20.0,LinkedIn,Fully Meets,3.02,3,0,2012-05-15,0,3,3,0.6765,447,1.2246575342465753,36
Trina Alagbe,10088,1,5,3,0,64991,0,19,Production Technician I,MA,1886,1988-09-27,F,Married,US Citizen,No,White,2008-01-07,2025-04-28 19:48:37.833969,N/A-StillEmployed,Active,Production       ,Elijiah Gray,16.0,Indeed,Fully Meets,4.84,5,0,2019-01-03,0,15,3,0.22825,6321,17.317808219178083,36
Carol Anderson,10069,5,5,3,0,50825,1,19,Production Technician I,MA,2169,1989-09-08,F,Divorced,US Citizen,No,White,2011-07-11,2016-09-06 00:00:00.000000,return to school,Voluntarily Terminated,Production       ,Webster Butler,39.0,Google Search,Fully Meets,5.0,4,0,2016-02-01,0,2,3,1.1666666666666667,1884,5.161643835616438,35
Linda Anderson,10002,1,5,4,0,57568,0,19,Production Technician I,MA,1844,1977-05-22,F,Single,US Citizen,No,White,2012-01-09,2025-04-28 19:48:37.833969,N/A-StillEmployed,Active,Production       ,Amy Dunn,11.0,LinkedIn,Exceeds,5.0,5,0,2019-01-07,0,15,4,0.25625,4858,13.30958904109589,47
Colby Andreola,10194,1,4,3,0,95660,0,24,Software Engineer,MA,2110,1979-05-24,F,Single,US Citizen,No,White,2014-11-10,2025-04-28 19:48:37.833969,N/A-StillEmployed,Active,Software Engineering,Alex Sweetwater,10.0,LinkedIn,Fully Meets,3.04,3,4,2019-01-02,0,19,3,0.1436471895621705,3822,10.471232876712328,45
Sam Athwal,10062,1,5,3,0,59365,0,19,Production Technician I,MA,2199,1983-02-18,M ,Widowed,US Citizen,No,White,2013-09-30,2025-04-28 19:48:37.833969,N/A-StillEmployed,Active,Production       ,Ketsia Liebig,19.0,Employee Referral,Fully Meets,5.0,4,0,2019-02-25,0,19,3,0.175,4228,11.583561643835615,42
Linda Bachiochi,10114,3,5,3,1,47837,0,19,Production Technician I,MA,1902,1970-02-11,F,Single,US Citizen,No,Black or African American,2009-07-06,2025-04-28 19:48:37.833969,N/A-StillEmployed,Active,Production       ,Brannon Miller,12.0,Diversity Job Fair,Fully Meets,4.46,3,0,2019-01-25,0,4,3,0.6276,5775,15.821917808219178,55
Alejandro Bacong,10250,1,3,3,0,50178,0,14,IT Support,MA,1886,1988-01-07,M ,Divorced,US Citizen,No,White,2015-01-05,2025-04-28 19:48:37.833969,N/A-StillEmployed,Active,IT/IS,Peter Monroe,7.0,Indeed,Fully Meets,5.0,5,6,2019-02-18,0,16,3,0.2290935891120901,3766,10.31780821917808,37
Rachael Baczenski,10252,5,5,3,1,54670,1,19,Production Technician I,MA,1902,1974-01-12,F,Married,US Citizen,Yes,Black or African American,2011-01-10,2017-01-12 00:00:00.000000,Another position,Voluntarily Terminated,Production       ,David Stanley,14.0,Diversity Job Fair,Fully Meets,4.2,4,0,2016-01-30,0,12,3,0.2507692307692307,2194,6.010958904109589,51
Thomas Barbara,10242,5,5,3,1,47211,1,19,Production Technician I,MA,2062,1974-02-21,M ,Married,US Citizen,Yes,Black or African American,2012-04-02,2016-09-19 00:00:00.000000,unhappy,Voluntarily Terminated,Production       ,Kissy Sullivan,20.0,Diversity Job Fair,Fully Meets,4.2,3,0,2016-05-06,0,15,3,0.19125,1631,4.468493150684932,51
Hector Barbossa,10012,1,3,4,1,92328,0,9,Data Analyst,TX,78230,1988-07-04,M ,Divorced,US Citizen,No,Black or African American,2014-11-10,2025-04-28 19:48:37.833969,N/A-StillEmployed,Active,IT/IS,Simon Roup,4.0,Diversity Job Fair,Exceeds,4.28,4,5,2019-02-25,0,9,4,0.3863175946922805,3822,10.471232876712328,36
Francesco A Barone,10265,1,5,3,0,58709,0,19,Production Technician I,MA,1810,1983-07-20,M ,Single,US Citizen,No,Two or more races,2012-02-20,2025-04-28 19:48:37.833969,N/A-StillEmployed,Active,Production       ,Kelley Spirea,18.0,Google Search,Fully Meets,4.6,4,0,2019-02-14,0,7,3,0.4225,4816,13.194520547945206,41
Nader Barton,10066,5,5,3,0,52505,1,19,Production Technician I,MA,2747,1977-07-15,M ,Divorced,US Citizen,No,White,2012-09-24,2017-04-06 00:00:00.000000,Another position,Voluntarily Terminated,Production       ,Michael Albert,22.0,On-line Web application,Fully Meets,5.0,5,0,2017-03-02,0,1,3,1.85,1655,4.534246575342466,47
Norman Bates,10061,4,5,3,0,57834,1,19,Production Technician I,MA,2050,1981-10-18,M ,Single,US Citizen,No,White,2011-02-21,2017-08-04 00:00:00.000000,attendance,Terminated for Cause,Production       ,Kelley Spirea,18.0,Google Search,Fully Meets,5.0,4,0,2017-04-05,0,20,3,0.1666666666666666,2356,6.454794520547945,43
Kimberly Beak,10023,2,5,4,0,70131,0,20,Production Technician II,MA,2145,1966-04-17,F,Married,US Citizen,No,White,2016-07-21,2025-04-28 19:48:37.833969,N/A-StillEmployed,Active,Production       ,Kelley Spirea,18.0,Employee Referral,Exceeds,4.4,3,0,2019-01-14,0,16,4,0.2070588235294117,3203,8.775342465753425,59
Courtney Beatrice,10055,1,5,3,0,59026,0,19,Production Technician I,MA,1915,1970-10-27,F,Single,Eligible NonCitizen,No,White,2011-04-04,2025-04-28 19:48:37.833969,N/A-StillEmployed,Active,Production       ,Elijiah Gray,16.0,Google Search,Fully Meets,5.0,5,0,2019-01-14,0,12,3,0.2846153846153846,5138,14.076712328767124,54
Renee Becker,10245,4,3,3,0,110000,1,8,Database Administrator,MA,2026,1986-04-04,F,Single,US Citizen,Yes,White,2014-07-07,2015-09-12 00:00:00.000000,performance,Terminated for Cause,IT/IS,Simon Roup,4.0,Google Search,Fully Meets,4.5,4,5,2015-01-15,0,8,3,0.3921306607692005,432,1.1835616438356165,39
Scott Becker,10277,3,5,3,0,53250,0,19,Production Technician I,MA,2452,1979-04-06,M ,Single,US Citizen,No,Asian,2013-07-08,2025-04-28 19:48:37.833969,N/A-StillEmployed,Active,Production       ,Webster Butler,nil,LinkedIn,Fully Meets,4.2,4,0,2019-01-11,0,13,3,0.2328571428571428,4312,11.813698630136988,46
Sean Bernstein,10046,1,5,3,0,51044,0,19,Production Technician I,MA,2072,1970-12-22,M ,Single,US Citizen,Yes,White,2012-04-02,2025-04-28 19:48:37.833969,N/A-StillEmployed,Active,Production       ,Amy Dunn,11.0,Google Search,Fully Meets,5.0,3,0,2019-01-14,0,13,3,0.2357142857142857,4774,13.07945205479452,54
Lowan M Biden,10226,1,5,3,0,64919,0,19,Production Technician I,MA,2027,1958-12-27,F,Divorced,US Citizen,No,Asian,2013-08-19,2025-04-28 19:48:37.833969,N/A-StillEmployed,Active,Production       ,Ketsia Liebig,19.0,Indeed,Fully Meets,4.2,3,0,2019-01-10,0,2,3,1.02,4270,11.6986301369863,66
Helen Billis,10003,1,5,4,0,62910,0,19,Production Technician I,MA,2031,1989-09-01,F,Married,US Citizen,No,White,2014-07-07,2025-04-28 19:48:37.833969,N/A-StillEmployed,Active,Production       ,Brannon Miller,12.0,Indeed,Exceeds,5.0,3,0,2019-02-27,0,19,4,0.185,3948,10.816438356164385,35
Dianna Blount,10294,1,5,2,0,66441,0,20,Production Technician II,MA,2171,1990-09-21,F,Single,US Citizen,No,White,2011-04-04,2025-04-28 19:48:37.833969,N/A-StillEmployed,Active,Production       ,Michael Albert,22.0,CareerBuilder,Needs Improvement,2.0,3,0,2019-02-27,2,3,2,0.3333333333333333,5138,14.076712328767124,34
Betsy Bondwell,10267,5,5,3,0,57815,1,20,Production Technician II,MA,2210,1967-01-16,F,Single,US Citizen,No,White,2011-01-10,2014-04-04 00:00:00.000000,career change,Voluntarily Terminated,Production       ,Elijiah Gray,16.0,Google Search,Fully Meets,4.8,5,0,2014-03-04,0,5,3,0.6066666666666667,1180,3.232876712328767,58
Frank Booth,10199,4,3,3,0,103613,1,30,Enterprise Architect,CT,6033,1964-07-30,M ,Single,US Citizen,No,Black or African American,2014-02-17,2016-02-19 00:00:00.000000,Learned that he is a gangster,Terminated for Cause,IT/IS,Simon Roup,4.0,LinkedIn,Fully Meets,3.5,5,7,2016-01-10,0,2,3,1.1526480513893278,732,2.0054794520547947,60
Bonalyn Boutwell,10081,1,1,3,1,106367,0,26,Sr. Accountant,MA,2468,1987-04-04,F,Married,US Citizen,No,Black or African American,2015-02-16,2025-04-28 19:48:37.833969,N/A-StillEmployed,Active,Admin Offices,Brandon R. LeBlanc,3.0,Diversity Job Fair,Fully Meets,5.0,4,3,2019-02-18,0,4,3,0.7277258872223978,3724,10.202739726027398,38
Charles Bozzi,10175,5,5,3,0,74312,1,18,Production Manager,MA,1901,1970-03-10,M ,Single,US Citizen,No,Asian,2013-09-30,2014-08-07 00:00:00.000000,retiring,Voluntarily Terminated,Production       ,Janet King,2.0,Indeed,Fully Meets,3.39,3,0,2014-02-20,0,14,3,0.1878,311,0.852054794520548,55
Donna Brill,10177,5,5,3,0,53492,1,19,Production Technician I,MA,1701,1990-08-24,F,Married,US Citizen,No,White,2012-04-02,2013-06-15 00:00:00.000000,Another position,Voluntarily Terminated,Production       ,David Stanley,14.0,Google Search,Fully Meets,3.35,4,0,2013-03-04,0,6,3,0.4292857142857142,439,1.202739726027397,34
Mia Brown,10238,1,1,3,1,63000,0,1,Accountant I,MA,1450,1987-11-24,F,Married,US Citizen,No,Black or African American,2008-10-27,2025-04-28 19:48:37.833969,N/A-StillEmployed,Active,Admin Offices,Brandon R. LeBlanc,1.0,Diversity Job Fair,Fully Meets,4.5,2,6,2019-01-15,0,14,3,0.209639400993702,6027,16.512328767123286,37
Joseph Buccheri,10184,1,5,3,0,65288,0,20,Production Technician II,MA,1013,1983-07-28,M ,Single,US Citizen,No,White,2014-09-29,2025-04-28 19:48:37.833969,N/A-StillEmployed,Active,Production       ,Webster Butler,nil,Google Search,Fully Meets,3.19,3,0,2019-02-01,0,9,3,0.2757,3864,10.586301369863014,41
Josephine Bugali,10203,3,5,3,1,64375,0,19,Production Technician I,MA,2043,1969-10-30,F,Separated,US Citizen,No,Black or African American,2013-11-11,2025-04-28 19:48:37.833969,N/A-StillEmployed,Active,Production       ,Kissy Sullivan,20.0,Diversity Job Fair,Fully Meets,3.5,5,0,2019-01-21,0,17,3,0.1805555555555555,4186,11.468493150684932,55
Jessica Bunbury,10188,5,6,3,0,74326,1,3,Area Sales Manager,VA,21851,1964-06-01,F,Married,Eligible NonCitizen,No,Black or African American,2011-08-15,2014-08-02 00:00:00.000000,Another position,Voluntarily Terminated,Sales,John Smith,17.0,Google Search,Fully Meets,3.14,5,0,2013-02-10,1,19,3,0.1496190476190476,1083,2.967123287671233,60
Joelle Burke,10107,1,5,3,0,63763,0,20,Production Technician II,MA,2148,1980-03-02,F,Single,US Citizen,No,Black or African American,2012-03-05,2025-04-28 19:48:37.833969,N/A-StillEmployed,Active,Production       ,Amy Dunn,11.0,Employee Referral,Fully Meets,4.51,4,0,2019-02-21,0,3,3,0.8382499999999999,4802,13.156164383561643,45
Benjamin Burkett,10181,1,5,3,0,62162,0,20,Production Technician II,MA,1890,1977-08-19,M ,Married,US Citizen,No,White,2011-04-04,2025-04-28 19:48:37.833969,N/A-StillEmployed,Active,Production       ,Ketsia Liebig,19.0,Indeed,Fully Meets,3.25,5,0,2019-01-14,0,15,3,0.1984375,5138,14.076712328767124,47
Max Cady,10150,1,4,3,0,77692,0,25,Software Engineering Manager,MA,2184,1966-11-22,M ,Single,US Citizen,No,White,2011-08-15,2025-04-28 19:48:37.833969,N/A-StillEmployed,Active,Software Engineering,Jennifer Zamora,5.0,Google Search,Fully Meets,3.84,3,5,2019-01-21,0,4,3,0.6262351893845611,5005,13.712328767123289,58
Calvin Candie,10001,1,5,4,0,72640,0,18,Production Manager,MA,2169,1983-08-09,M ,Single,US Citizen,No,White,2016-01-28,2025-04-28 19:48:37.833969,N/A-StillEmployed,Active,Production       ,Janet King,2.0,Indeed,Exceeds,5.0,3,0,2019-02-22,0,14,4,0.2466666666666666,3378,9.254794520547945,41
Judith Carabbio,10085,1,4,3,0,93396,0,24,Software Engineer,MA,2132,1987-04-05,F,Single,US Citizen,No,White,2013-11-11,2025-04-28 19:48:37.833969,N/A-StillEmployed,Active,Software Engineering,Alex Sweetwater,10.0,Indeed,Fully Meets,4.96,4,6,2019-01-30,0,3,3,0.920647753726383,4186,11.468493150684932,38
Michael Carey,10115,1,5,3,0,52846,0,19,Production Technician I,MA,1701,1983-02-02,M ,Single,US Citizen,No,Black or African American,2014-03-31,2025-04-28 19:48:37.833969,N/A-StillEmployed,Active,Production       ,Kelley Spirea,18.0,LinkedIn,Fully Meets,4.43,3,0,2019-02-01,0,14,3,0.2086,4046,11.084931506849315,42
Claudia N Carr,10082,2,3,3,0,100031,0,27,Sr. DBA,MA,1886,1986-06-06,F,Single,US Citizen,No,Black or African American,2016-06-30,2025-04-28 19:48:37.833969,N/A-StillEmployed,Active,IT/IS,Simon Roup,4.0,LinkedIn,Fully Meets,5.0,5,6,2019-02-18,0,7,3,0.4868238768631914,3224,8.832876712328767,38
Michelle Carter,10040,1,6,3,0,71860,0,3,Area Sales Manager,VT,5664,1963-05-15,F,Single,US Citizen,No,White,2014-08-18,2025-04-28 19:48:37.833969,N/A-StillEmployed,Active,Sales,John Smith,17.0,Indeed,Fully Meets,5.0,5,0,2019-01-21,0,7,3,0.4625,3906,10.7013698630137,61
Beatrice Chace,10067,1,5,3,0,61656,0,19,Production Technician I,MA,2763,1951-01-02,F,Single,US Citizen,No,White,2014-09-29,2025-04-28 19:48:37.833969,N/A-StillEmployed,Active,Production       ,Michael Albert,22.0,Google Search,Fully Meets,5.0,4,0,2019-02-12,0,11,3,0.2916666666666667,3864,10.586301369863014,74
Brian Champaigne,10108,1,3,3,0,110929,0,5,BI Director,MA,2045,1972-02-09,M ,Married,US Citizen,No,White,2016-09-06,2025-04-28 19:48:37.833969,N/A-StillEmployed,Active,IT/IS,Jennifer Zamora,5.0,Indeed,Fully Meets,4.5,5,7,2019-01-15,0,8,3,0.4175493504631092,3156,8.646575342465754,53
Lin Chan,10210,1,5,3,0,54237,0,19,Production Technician I,MA,2170,1979-02-12,F,Single,US Citizen,No,White,2014-05-12,2025-04-28 19:48:37.833969,N/A-StillEmployed,Active,Production       ,Elijiah Gray,16.0,Indeed,Fully Meets,3.3,4,0,2019-02-19,0,11,3,0.2491666666666666,4004,10.96986301369863,46
Donovan E Chang,10154,1,5,3,0,60380,0,19,Production Technician I,MA,1845,1983-08-24,M ,Single,US Citizen,No,White,2013-07-08,2025-04-28 19:48:37.833969,N/A-StillEmployed,Active,Production       ,Webster Butler,nil,LinkedIn,Fully Meets,3.8,5,0,2019-01-14,0,4,3,0.6679999999999999,4312,11.813698630136988,41
Anton Chigurh,10200,1,6,3,0,66808,0,3,Area Sales Manager,TX,78207,1970-06-11,M ,Single,Eligible NonCitizen,No,Black or African American,2012-05-14,2025-04-28 19:48:37.833969,N/A-StillEmployed,Active,Sales,Lynn Daneault,21.0,Employee Referral,Fully Meets,3.0,5,0,2019-01-19,0,17,3,0.1722222222222222,4732,12.964383561643835,54
Enola Chivukula,10240,5,5,3,0,64786,1,19,Production Technician I,MA,1775,1983-08-27,F,Single,US Citizen,No,White,2011-06-27,2015-11-15 00:00:00.000000,relocation out of area,Voluntarily Terminated,Production       ,Amy Dunn,11.0,Indeed,Fully Meets,4.3,4,0,2015-03-10,0,3,3,0.8225,1602,4.389041095890411,41
Caroline Cierpiszewski,10168,1,5,3,0,64816,0,19,Production Technician I,MA,2044,1988-05-31,F,Single,Non-Citizen,No,Black or African American,2011-10-03,2025-04-28 19:48:37.833969,N/A-StillEmployed,Active,Production       ,Ketsia Liebig,19.0,Indeed,Fully Meets,3.58,5,0,2019-01-30,0,3,3,0.8185,4956,13.578082191780824,36
Rick Clayton,10220,1,3,3,0,68678,0,14,IT Support,MA,2170,1985-09-05,M ,Single,US Citizen,No,White,2012-09-05,2025-04-28 19:48:37.833969,N/A-StillEmployed,Active,IT/IS,Eric Dougall,6.0,Indeed,Fully Meets,4.7,3,6,2019-02-27,0,2,3,1.1348636716351772,4618,12.652054794520549,39
Jennifer Cloninger,10275,5,5,3,0,64066,1,20,Production Technician II,MA,1752,1981-08-31,F,Married,US Citizen,No,White,2011-05-16,2013-01-07 00:00:00.000000,unhappy,Voluntarily Terminated,Production       ,Brannon Miller,12.0,Google Search,Fully Meets,4.2,5,0,2012-05-03,0,9,3,0.346,602,1.6493150684931508,43
Phil Close,10269,5,5,3,0,59369,1,20,Production Technician II,MA,2169,1978-11-25,M ,Married,US Citizen,No,White,2010-08-30,2011-09-26 00:00:00.000000,career change,Voluntarily Terminated,Production       ,David Stanley,14.0,Indeed,Fully Meets,4.2,4,0,2011-05-04,0,6,3,0.4657142857142857,392,1.073972602739726,46
Elijian Clukey,10029,2,5,4,0,50373,0,19,Production Technician I,MA,2134,1980-08-26,M ,Married,US Citizen,No,White,2016-07-06,2025-04-28 19:48:37.833969,N/A-StillEmployed,Active,Production       ,Brannon Miller,12.0,Employee Referral,Exceeds,4.1,4,0,2019-02-28,0,5,4,0.605,3218,8.816438356164383,44
James Cockel,10261,1,5,3,0,63108,0,19,Production Technician I,MA,2452,1977-09-08,M ,Single,US Citizen,No,White,2013-07-08,2025-04-28 19:48:37.833969,N/A-StillEmployed,Active,Production       ,David Stanley,14.0,Employee Referral,Fully Meets,4.4,5,0,2019-01-14,0,3,3,0.8800000000000001,4312,11.813698630136988,47
Spencer Cole,10292,4,5,2,0,59144,1,19,Production Technician I,MA,1880,1979-08-12,M ,Single,US Citizen,No,Black or African American,2011-07-11,2016-09-23 00:00:00.000000,performance,Terminated for Cause,Production       ,Kissy Sullivan,20.0,LinkedIn,Needs Improvement,2.0,3,0,2016-05-01,5,16,2,0.0909090909090909,1901,5.208219178082191,45
Michael Corleone,10282,1,5,2,0,68051,0,18,Production Manager,MA,1803,1975-12-17,M ,Divorced,US Citizen,No,White,2010-07-20,2025-04-28 19:48:37.833969,N/A-StillEmployed,Active,Production       ,Janet King,2.0,CareerBuilder,Needs Improvement,4.13,2,0,2019-01-14,3,3,2,0.3484285714285713,5396,14.783561643835617,49
Vito Corleone,10019,1,5,4,0,170500,0,10,Director of Operations,MA,2030,1983-03-19,M ,Single,US Citizen,No,Black or African American,2009-01-05,2025-04-28 19:48:37.833969,N/A-StillEmployed,Active,Production       ,Janet King,2.0,Indeed,Exceeds,3.7,5,0,2019-02-04,0,15,4,0.231875,5957,16.32054794520548,42
Lisa Cornett,10094,1,5,3,0,63381,0,19,Production Technician I,MA,2189,1977-03-31,F,Married,US Citizen,Yes,White,2015-01-05,2025-04-28 19:48:37.833969,N/A-StillEmployed,Active,Production       ,Kelley Spirea,18.0,Indeed,Fully Meets,4.73,5,0,2019-02-14,0,6,3,0.517,3766,10.31780821917808,48
Frank Costello,10193,1,3,3,0,83552,0,9,Data Analyst,MA,1810,1986-08-26,M ,Married,US Citizen,No,White,2015-03-30,2025-04-28 19:48:37.833969,N/A-StillEmployed,Active,IT/IS,Simon Roup,4.0,Indeed,Fully Meets,3.04,3,6,2019-01-22,0,2,3,0.9688636716351772,3682,10.087671232876712,38
Jean Crimmings,10132,2,5,3,0,56149,0,19,Production Technician I,MA,1821,1987-04-10,F,Single,US Citizen,No,White,2016-07-06,2025-04-28 19:48:37.833969,N/A-StillEmployed,Active,Production       ,Michael Albert,22.0,LinkedIn,Fully Meets,4.12,5,0,2019-01-28,0,15,3,0.21475,3218,8.816438356164383,38
Noah Cross,10083,1,3,3,0,92329,0,28,Sr. Network Engineer,CT,6278,1965-09-09,M ,Single,US Citizen,No,White,2014-11-10,2025-04-28 19:48:37.833969,N/A-StillEmployed,Active,IT/IS,Peter Monroe,7.0,Employee Referral,Fully Meets,5.0,3,4,2019-01-02,0,5,3,0.576823965207235,3822,10.471232876712328,59
Lynn Daneault,10099,1,6,3,0,65729,0,21,Sales Manager,VT,5473,1990-04-19,F,Single,US Citizen,No,White,2014-05-05,2025-04-28 19:48:37.833969,N/A-StillEmployed,Active,Sales,Debra Houlihan,15.0,Indeed,Fully Meets,4.62,4,0,2019-01-24,0,8,3,0.3762222222222222,4011,10.98904109589041,35
Ann Daniele,10212,3,3,3,0,85028,0,28,Sr. Network Engineer,CT,6033,1952-01-18,F,Married,US Citizen,No,White,2014-11-10,2025-04-28 19:48:37.833969,N/A-StillEmployed,Active,IT/IS,Peter Monroe,7.0,LinkedIn,Fully Meets,3.1,5,8,2019-02-12,0,19,3,0.1674861228866811,3822,10.471232876712328,73
Jene Darson,10056,1,5,3,0,57583,0,19,Production Technician I,MA,2110,1978-11-05,F,Married,US Citizen,No,White,2012-07-02,2025-04-28 19:48:37.833969,N/A-StillEmployed,Active,Production       ,Elijiah Gray,16.0,Indeed,Fully Meets,5.0,3,0,2019-02-25,0,1,3,1.65,4683,12.830136986301367,46
Daniel Davis,10143,1,5,3,0,56294,0,20,Production Technician II,MA,2458,1979-09-14,M ,Single,Eligible NonCitizen,No,Two or more races,2011-11-07,2025-04-28 19:48:37.833969,N/A-StillEmployed,Active,Production       ,Kissy Sullivan,20.0,LinkedIn,Fully Meets,3.96,4,0,2019-02-27,0,6,3,0.4554285714285714,4921,13.482191780821918,45
Randy Dee,10311,1,6,1,0,56991,0,19,Production Technician I,MA,2138,1988-04-15,M ,Married,US Citizen,No,White,2018-07-09,2025-04-28 19:48:37.833969,N/A-StillEmployed,Active,Production       ,Brannon Miller,12.0,Indeed,Fully Meets,4.3,4,3,2019-01-31,2,2,3,0.6857258872223978,2485,6.808219178082192,37
James DeGweck,10070,5,5,3,0,55722,1,19,Production Technician I,MA,1810,1977-10-31,M ,Married,US Citizen,No,White,2011-05-16,2016-06-08 00:00:00.000000,unhappy,Voluntarily Terminated,Production       ,Webster Butler,39.0,Indeed,Fully Meets,5.0,4,0,2016-04-02,0,14,3,0.2333333333333333,1850,5.068493150684931,47
Keyla Del Bosque,10155,1,4,3,0,101199,0,24,Software Engineer,MA,2176,1979-07-05,F,Single,US Citizen,No,Black or African American,2012-01-09,2025-04-28 19:48:37.833969,N/A-StillEmployed,Active,Software Engineering,Alex Sweetwater,10.0,CareerBuilder,Fully Meets,3.79,5,5,2019-01-25,0,8,3,0.3906862163247562,4858,13.30958904109589,45
Alex Delarge,10306,1,6,1,0,61568,0,3,Area Sales Manager,AL,36006,1975-11-02,M ,Single,US Citizen,No,Two or more races,2014-09-29,2025-04-28 19:48:37.833969,N/A-StillEmployed,Active,Sales,John Smith,17.0,Indeed,PIP,1.93,3,0,2019-01-30,6,5,1,0.1315833333333333,3864,10.586301369863014,49
Carla Demita,10100,5,5,3,0,58275,1,20,Production Technician II,MA,2343,1951-02-25,F,Separated,US Citizen,No,Black or African American,2011-04-04,2015-11-04 00:00:00.000000,more money,Voluntarily Terminated,Production       ,Kelley Spirea,18.0,Google Search,Fully Meets,4.62,5,0,2015-05-06,0,1,3,1.793,1675,4.589041095890411,74
Carl Desimone,10310,1,5,1,0,53189,0,19,Production Technician I,MA,2061,1967-04-19,M ,Married,US Citizen,No,White,2014-07-07,2025-04-28 19:48:37.833969,N/A-StillEmployed,Active,Production       ,Amy Dunn,11.0,Indeed,PIP,1.12,2,0,2019-01-31,4,9,1,0.0811428571428571,3948,10.816438356164385,58
Tommy DeVito,10197,1,3,3,0,96820,0,4,BI Developer,MA,2045,1983-09-04,M ,Single,US Citizen,No,White,2017-02-15,2025-04-28 19:48:37.833969,N/A-StillEmployed,Active,IT/IS,Brian Champaigne,13.0,Indeed,Fully Meets,3.01,5,7,2019-01-23,0,15,3,0.206934009635499,2994,8.202739726027398,41
Geoff Dickinson,10276,1,5,3,0,51259,0,19,Production Technician I,MA,2180,1982-11-15,M ,Single,US Citizen,No,White,2014-05-12,2025-04-28 19:48:37.833969,N/A-StillEmployed,Active,Production       ,Ketsia Liebig,19.0,Indeed,Fully Meets,4.3,4,0,2019-02-19,0,1,3,1.645,4004,10.96986301369863,42
Jenna Dietrich,10304,1,6,1,0,59231,0,3,Area Sales Manager,WA,98052,1987-05-14,F,Single,US Citizen,Yes,White,2012-02-20,2025-04-28 19:48:37.833969,N/A-StillEmployed,Active,Sales,John Smith,17.0,Website,PIP,2.3,1,0,2019-01-29,2,17,1,0.0644999999999999,4816,13.194520547945206,37
Lily DiNocco,10284,1,5,2,0,61584,0,19,Production Technician I,MA,2351,1978-12-02,F,Married,US Citizen,No,Black or African American,2013-01-07,2025-04-28 19:48:37.833969,N/A-StillEmployed,Active,Production       ,Brannon Miller,12.0,Indeed,Needs Improvement,3.88,4,0,2019-01-18,0,6,2,0.3948571428571429,4494,12.312328767123288,46
Denisa S Dobrin,10207,1,5,3,0,46335,0,19,Production Technician I,MA,2125,1986-10-07,F,Single,US Citizen,Yes,White,2012-04-02,2025-04-28 19:48:37.833969,N/A-StillEmployed,Active,Production       ,David Stanley,14.0,CareerBuilder,Fully Meets,3.4,5,0,2019-02-19,0,15,3,0.20125,4774,13.07945205479452,38
Linda Dolan,10133,1,3,3,0,70621,0,14,IT Support,MA,2119,1988-07-18,F,Married,US Citizen,No,White,2015-01-05,2025-04-28 19:48:37.833969,N/A-StillEmployed,Active,IT/IS,Peter Monroe,7.0,Employee Referral,Fully Meets,4.11,4,6,2019-02-25,0,16,3,0.201623000876796,3766,10.31780821917808,36
Eric Dougall,10028,1,3,4,0,138888,0,13,IT Manager - Support,MA,1886,1970-07-09,M ,Single,US Citizen,No,Black or African American,2014-01-05,2025-04-28 19:48:37.833969,N/A-StillEmployed,Active,IT/IS,Jennifer Zamora,5.0,Indeed,Exceeds,4.3,5,5,2019-01-04,0,4,4,0.8138351893845611,4131,11.31780821917808,54
Elle Driver,10006,1,6,4,0,74241,0,3,Area Sales Manager,CA,90007,1988-11-08,F,Single,US Citizen,No,White,2011-01-10,2025-04-28 19:48:37.833969,N/A-StillEmployed,Active,Sales,Lynn Daneault,21.0,Indeed,Exceeds,4.77,5,0,2019-01-27,0,14,4,0.2687333333333333,5222,14.306849315068494,36
Amy Dunn,10105,1,5,3,0,75188,0,18,Production Manager,MA,1731,1973-11-28,F,Single,US Citizen,No,White,2014-09-18,2025-04-28 19:48:37.833969,N/A-StillEmployed,Active,Production       ,Janet King,2.0,Google Search,Fully Meets,4.52,4,0,2019-01-15,0,4,3,0.6712,3875,10.616438356164384,51
Amy Dunne,10211,1,5,3,0,62514,0,19,Production Technician I,MA,1749,1973-09-23,F,Married,US Citizen,No,White,2010-04-26,2025-04-28 19:48:37.833969,N/A-StillEmployed,Active,Production       ,Ketsia Liebig,19.0,Google Search,Fully Meets,2.9,3,0,2019-01-21,0,6,3,0.3814285714285715,5481,15.016438356164384,51
Marianne Eaton,10064,5,5,3,0,60070,1,19,Production Technician I,MA,2343,1991-09-05,F,Married,US Citizen,No,White,2011-04-04,2017-06-06 00:00:00.000000,military,Voluntarily Terminated,Production       ,Kissy Sullivan,20.0,Google Search,Fully Meets,5.0,3,0,2017-04-09,0,7,3,0.4125,2255,6.178082191780822,33
Jean Engdahl,10247,1,5,3,0,48888,0,19,Production Technician I,MA,2026,1974-05-31,M ,Single,US Citizen,No,White,2014-11-10,2025-04-28 19:48:37.833969,N/A-StillEmployed,Active,Production       ,Kelley Spirea,18.0,LinkedIn,Fully Meets,4.7,5,0,2019-02-13,0,8,3,0.4011111111111111,3822,10.471232876712328,50
Rex England,10235,1,5,3,0,54285,0,19,Production Technician I,MA,2045,1978-08-25,M ,Married,US Citizen,No,White,2014-03-31,2025-04-28 19:48:37.833969,N/A-StillEmployed,Active,Production       ,Kelley Spirea,18.0,Employee Referral,Fully Meets,4.2,3,0,2019-01-11,0,3,3,0.765,4046,11.084931506849315,46
Angela Erilus,10299,1,5,1,0,56847,0,20,Production Technician II,MA,2133,1989-08-25,F,Separated,US Citizen,No,White,2014-07-07,2025-04-28 19:48:37.833969,N/A-StillEmployed,Active,Production       ,Michael Albert,22.0,Indeed,PIP,3.0,1,0,2019-02-25,2,5,1,0.1874999999999999,3948,10.816438356164385,35
Miguel Estremera,10280,4,5,2,0,60340,1,19,Production Technician I,MA,2129,1983-09-02,M ,Single,US Citizen,No,White,2012-04-02,2018-09-27 00:00:00.000000,attendance,Terminated for Cause,Production       ,Michael Albert,22.0,Google Search,Needs Improvement,5.0,4,0,2018-04-12,5,16,2,0.1409090909090909,2369,6.49041095890411,41
April Evensen,10296,4,5,2,0,59124,1,19,Production Technician I,MA,2458,1989-05-06,F,Single,US Citizen,No,White,2014-02-17,2018-02-25 00:00:00.000000,"no-call, no-show",Terminated for Cause,Production       ,Elijiah Gray,16.0,Google Search,Needs Improvement,2.3,3,0,2017-01-15,5,19,2,0.0836,1469,4.024657534246575,35
Susan Exantus,10290,4,4,2,0,99280,1,24,Software Engineer,MA,1749,1987-05-15,F,Married,US Citizen,No,Black or African American,2011-05-02,2013-06-05 00:00:00.000000,attendance,Terminated for Cause,Software Engineering,Alex Sweetwater,10.0,Indeed,Needs Improvement,2.1,5,4,2012-08-10,4,19,2,0.1079559913018087,765,2.095890410958904,37
Megan Faller,10263,1,5,3,0,71776,0,20,Production Technician II,MA,1824,1978-09-22,F,Married,US Citizen,No,Black or African American,2014-07-07,2025-04-28 19:48:37.833969,N/A-StillEmployed,Active,Production       ,Elijiah Gray,16.0,LinkedIn,Fully Meets,4.4,5,0,2019-02-22,0,17,3,0.1955555555555556,3948,10.816438356164385,46
Nicole Fancett,10136,1,5,3,0,65902,0,20,Production Technician II,MA,2324,1987-09-27,F,Single,US Citizen,No,Black or African American,2014-02-17,2025-04-28 19:48:37.833969,N/A-StillEmployed,Active,Production       ,Webster Butler,nil,LinkedIn,Fully Meets,4.0,4,0,2019-01-07,0,7,3,0.4,4088,11.2,37
Susan Ferguson,10189,5,5,3,0,57748,1,19,Production Technician I,MA,2176,1955-04-14,F,Married,US Citizen,No,White,2011-11-07,2016-05-17 00:00:00.000000,military,Voluntarily Terminated,Production       ,Webster Butler,39.0,Google Search,Fully Meets,3.13,3,0,2016-02-04,0,16,3,0.1611176470588235,1653,4.528767123287671,70
Nilson Fernandes,10308,1,5,1,0,64057,0,19,Production Technician I,MA,2132,1989-10-18,M ,Married,US Citizen,No,White,2015-05-11,2025-04-28 19:48:37.833969,N/A-StillEmployed,Active,Production       ,Amy Dunn,11.0,Indeed,PIP,1.56,5,0,2019-01-03,6,15,1,0.0849090909090909,3640,9.972602739726028,35
Boba Fett,10309,1,3,1,0,53366,0,15,Network Engineer,MA,2138,1987-06-18,M ,Single,US Citizen,No,White,2015-03-30,2025-04-28 19:48:37.833969,N/A-StillEmployed,Active,IT/IS,Peter Monroe,7.0,LinkedIn,PIP,1.2,3,6,2019-02-04,3,2,1,0.2590985024842552,3682,10.087671232876712,37
Libby Fidelia,10049,1,5,3,0,58530,0,19,Production Technician I,MA,2155,1981-03-16,F,Married,US Citizen,No,White,2012-01-09,2025-04-28 19:48:37.833969,N/A-StillEmployed,Active,Production       ,Brannon Miller,12.0,Google Search,Fully Meets,5.0,5,0,2019-01-29,0,19,3,0.185,4858,13.30958904109589,44
Michael J Fitzpatrick,10093,5,5,3,0,72609,1,20,Production Technician II,MA,2143,1981-10-01,M ,Single,US Citizen,Yes,White,2011-05-16,2013-06-24 00:00:00.000000,hours,Voluntarily Terminated,Production       ,Amy Dunn,11.0,Google Search,Fully Meets,4.76,5,0,2013-04-05,0,20,3,0.1727619047619047,770,2.1095890410958904,43
Tanya Foreman,10163,5,5,3,0,55965,1,20,Production Technician II,MA,2170,1983-11-08,F,Married,US Citizen,No,White,2011-04-04,2013-01-09 00:00:00.000000,career change,Voluntarily Terminated,Production       ,Ketsia Liebig,19.0,Google Search,Fully Meets,3.66,3,0,2012-01-07,0,6,3,0.414,646,1.7698630136986302,41
Alex Forrest,10305,1,6,3,0,70187,1,3,Area Sales Manager,MA,2330,1975-07-07,M ,Married,US Citizen,No,White,2014-09-29,2018-08-19 00:00:00.000000,Fatal attraction,Terminated for Cause,Sales,Lynn Daneault,21.0,Employee Referral,PIP,2.0,5,0,2019-01-28,4,7,1,0.1666666666666666,1420,3.8904109589041096,49
Jason Foss,10015,1,3,4,0,178000,0,12,IT Director,MA,1460,1980-07-05,M ,Single,US Citizen,No,Black or African American,2011-04-15,2025-04-28 19:48:37.833969,N/A-StillEmployed,Active,IT/IS,Jennifer Zamora,5.0,Indeed,Exceeds,5.0,5,5,2019-01-07,0,15,4,0.2674484966826753,5127,14.046575342465754,44
Amy Foster-Baker,10080,1,1,3,0,99351,0,26,Sr. Accountant,MA,2050,1979-04-16,F,Married,US Citizen,no,White,2009-01-05,2025-04-28 19:48:37.833969,N/A-StillEmployed,Active,Admin Offices,Board of Directors,9.0,Other,Fully Meets,5.0,3,2,2019-02-08,0,3,3,0.8524653072167028,5957,16.32054794520548,46
Maruk Fraval,10258,1,6,3,0,67251,0,3,Area Sales Manager,CT,6050,1963-08-28,M ,Single,US Citizen,No,Black or African American,2011-09-06,2025-04-28 19:48:37.833969,N/A-StillEmployed,Active,Sales,Lynn Daneault,21.0,CareerBuilder,Fully Meets,4.3,3,0,2019-01-27,2,7,3,0.309,4983,13.652054794520549,61
Lisa Galia,10273,1,3,3,0,65707,0,14,IT Support,CT,6040,1968-07-06,F,Single,US Citizen,No,White,2010-05-01,2025-04-28 19:48:37.833969,N/A-StillEmployed,Active,IT/IS,Eric Dougall,6.0,LinkedIn,Fully Meets,4.7,4,5,2019-02-01,0,1,3,1.7945879734614028,5476,15.002739726027396,56
Raul Garcia,10111,1,5,3,0,52249,0,19,Production Technician I,MA,1905,1985-09-15,M ,Single,US Citizen,Yes,White,2015-03-30,2025-04-28 19:48:37.833969,N/A-StillEmployed,Active,Production       ,David Stanley,14.0,Employee Referral,Fully Meets,4.5,3,0,2019-02-18,0,5,3,0.525,3682,10.087671232876712,39
Barbara Gaul,10257,1,5,3,0,53171,0,19,Production Technician I,MA,2121,1983-12-02,F,Single,US Citizen,Yes,Black or African American,2011-05-16,2025-04-28 19:48:37.833969,N/A-StillEmployed,Active,Production       ,Kelley Spirea,18.0,LinkedIn,Fully Meets,4.2,4,0,2019-02-26,0,12,3,0.2507692307692307,5096,13.96164383561644,41
Mildred Gentry,10159,1,5,3,0,51337,0,19,Production Technician I,MA,2145,1990-10-01,F,Married,US Citizen,No,Black or African American,2015-03-30,2025-04-28 19:48:37.833969,N/A-StillEmployed,Active,Production       ,Michael Albert,22.0,LinkedIn,Fully Meets,3.73,3,0,2019-01-16,0,19,3,0.14595,3682,10.087671232876712,34
Melisa Gerke,10122,5,5,3,1,51505,1,19,Production Technician I,MA,2330,1970-05-15,F,Divorced,US Citizen,No,Black or African American,2011-11-07,2016-11-15 00:00:00.000000,hours,Voluntarily Terminated,Production       ,Elijiah Gray,16.0,Diversity Job Fair,Fully Meets,4.24,4,0,2016-04-29,0,2,3,1.090666666666667,1835,5.027397260273973,54
Whitney Gill,10142,4,6,3,0,59370,1,3,Area Sales Manager,OH,43050,1971-07-10,F,Widowed,US Citizen,No,Black or African American,2014-07-07,2015-09-05 00:00:00.000000,attendance,Terminated for Cause,Sales,John Smith,17.0,CareerBuilder,Fully Meets,3.97,4,0,2014-01-15,0,7,3,0.398875,425,1.1643835616438356,53
Alex Gilles,10283,5,5,2,1,54933,1,19,Production Technician I,MA,2062,1974-08-09,M ,Married,US Citizen,No,Black or African American,2012-04-02,2015-06-25 00:00:00.000000,military,Voluntarily Terminated,Production       ,Webster Butler,39.0,Diversity Job Fair,Needs Improvement,3.97,4,0,2015-01-20,3,15,2,0.1468947368421052,1179,3.23013698630137,50
Evelyn Girifalco,10018,1,5,4,0,57815,0,19,Production Technician I,MA,2451,1980-05-08,F,Single,US Citizen,Yes,Two or more races,2014-09-29,2025-04-28 19:48:37.833969,N/A-StillEmployed,Active,Production       ,Amy Dunn,11.0,Indeed,Exceeds,3.9,4,0,2019-02-07,0,3,4,0.8925000000000001,3864,10.586301369863014,44
Myriam Givens,10255,1,6,3,0,61555,0,3,Area Sales Manager,IN,46204,1989-09-22,F,Single,US Citizen,No,White,2015-02-16,2025-04-28 19:48:37.833969,N/A-StillEmployed,Active,Sales,Lynn Daneault,21.0,Indeed,Fully Meets,4.5,5,0,2019-01-25,0,20,3,0.169047619047619,3724,10.202739726027398,35
Taisha Goble,10246,4,3,3,0,114800,1,8,Database Administrator,MA,2127,1971-10-23,F,Single,US Citizen,No,White,2015-02-16,2015-03-15 00:00:00.000000,"no-call, no-show",Terminated for Cause,IT/IS,Simon Roup,4.0,Indeed,Fully Meets,4.6,4,4,2015-01-20,0,10,3,0.3219039810221282,27,0.073972602739726,53
Amon Goeth,10228,1,3,3,0,74679,0,14,IT Support,MA,2135,1989-11-24,M ,Married,US Citizen,Yes,White,2015-03-30,2025-04-28 19:48:37.833969,N/A-StillEmployed,Active,IT/IS,Peter Monroe,7.0,LinkedIn,Fully Meets,4.3,5,7,2019-01-10,0,20,3,0.176092578769904,3682,10.087671232876712,35
Shenice Gold,10243,1,5,3,0,53018,0,19,Production Technician I,MA,2451,1992-06-18,F,Single,US Citizen,Yes,White,2013-11-11,2025-04-28 19:48:37.833969,N/A-StillEmployed,Active,Production       ,Ketsia Liebig,19.0,Indeed,Fully Meets,4.3,5,0,2019-02-18,0,7,3,0.43625,4186,11.468493150684932,32
Cayo Gonzalez,10031,1,5,4,1,59892,0,19,Production Technician I,MA,2108,1969-09-29,M ,Divorced,US Citizen,No,Black or African American,2011-07-11,2025-04-28 19:48:37.833969,N/A-StillEmployed,Active,Production       ,Brannon Miller,12.0,Diversity Job Fair,Exceeds,4.5,4,0,2019-02-18,0,1,4,1.875,5040,13.808219178082192,55
Juan Gonzalez,10300,5,5,1,1,68898,1,20,Production Technician II,MA,2128,1964-10-12,M ,Married,US Citizen,No,Black or African American,2010-04-26,2011-05-30 00:00:00.000000,career change,Voluntarily Terminated,Production       ,Brannon Miller,12.0,Diversity Job Fair,PIP,3.0,3,0,2011-03-06,3,10,1,0.1357142857142857,399,1.093150684931507,60
Maria Gonzalez,10101,1,3,3,0,61242,0,14,IT Support,MA,2472,1981-04-16,F,Separated,US Citizen,Yes,White,2015-01-05,2025-04-28 19:48:37.833969,N/A-StillEmployed,Active,IT/IS,Peter Monroe,7.0,Employee Referral,Fully Meets,4.61,4,5,2019-01-28,0,11,3,0.2968479955769004,3766,10.31780821917808,44
Susan Good,10237,3,5,3,0,66825,0,20,Production Technician II,MA,1886,1986-05-25,F,Married,US Citizen,No,White,2014-05-12,2025-04-28 19:48:37.833969,N/A-StillEmployed,Active,Production       ,David Stanley,14.0,LinkedIn,Fully Meets,4.6,3,0,2019-02-07,0,20,3,0.1514285714285714,4004,10.96986301369863,38
David Gordon,10051,1,5,3,0,48285,0,19,Production Technician I,MA,2169,1979-05-21,M ,Married,US Citizen,No,White,2012-07-02,2025-04-28 19:48:37.833969,N/A-StillEmployed,Active,Production       ,David Stanley,14.0,LinkedIn,Fully Meets,5.0,3,0,2019-01-14,0,2,3,1.1,4683,12.830136986301367,45
Phylicia Gosciminski,10218,3,5,3,0,66149,0,20,Production Technician II,MA,1824,1983-12-08,F,Separated,US Citizen,No,American Indian or Alaska Native,2013-09-30,2025-04-28 19:48:37.833969,N/A-StillEmployed,Active,Production       ,Kissy Sullivan,20.0,Google Search,Fully Meets,4.4,5,0,2019-02-21,0,1,3,1.7600000000000002,4228,11.583561643835615,41
Roxana Goyal,10256,3,5,3,0,49256,0,19,Production Technician I,MA,1864,1974-10-09,F,Married,US Citizen,No,Asian,2013-08-19,2025-04-28 19:48:37.833969,N/A-StillEmployed,Active,Production       ,Kissy Sullivan,20.0,LinkedIn,Fully Meets,4.1,5,0,2019-02-15,0,3,3,0.8574999999999999,4270,11.6986301369863,50
Elijiah Gray,10098,1,5,3,0,62957,0,18,Production Manager,MA,1752,1981-07-11,M ,Divorced,US Citizen,No,White,2015-06-02,2025-04-28 19:48:37.833969,N/A-StillEmployed,Active,Production       ,Janet King,2.0,Employee Referral,Fully Meets,4.63,3,0,2019-01-04,0,2,3,1.0630000000000002,3618,9.912328767123288,43
Paula Gross,10059,5,5,3,0,63813,1,19,Production Technician I,MA,2176,1983-05-21,F,Divorced,US Citizen,No,White,2011-02-21,2014-01-11 00:00:00.000000,more money,Voluntarily Terminated,Production       ,Kelley Spirea,18.0,CareerBuilder,Fully Meets,5.0,5,0,2013-06-03,0,17,3,0.2055555555555555,1055,2.8904109589041096,41
Hans Gruber,10234,1,3,3,0,99020,0,4,BI Developer,MA,2134,1989-06-30,M ,Married,US Citizen,No,Black or African American,2017-04-20,2025-04-28 19:48:37.833969,N/A-StillEmployed,Active,IT/IS,Brian Champaigne,13.0,Indeed,Fully Meets,4.2,5,5,2019-01-28,0,8,3,0.4043528829914228,2930,8.027397260273972,35
Mike Guilianno,10109,5,6,3,0,71707,1,3,Area Sales Manager,TN,37129,1969-02-09,M ,Single,US Citizen,No,Two or more races,2012-03-07,2014-10-31 00:00:00.000000,relocation out of area,Voluntarily Terminated,Sales,John Smith,17.0,LinkedIn,Fully Meets,4.5,5,0,2013-02-01,0,20,3,0.169047619047619,968,2.652054794520548,56
Joanne Handschiegl,10125,1,5,3,0,54828,0,19,Production Technician I,MA,2127,1977-03-23,F,Married,US Citizen,No,White,2011-11-28,2025-04-28 19:48:37.833969,N/A-StillEmployed,Active,Production       ,Michael Albert,22.0,Google Search,Fully Meets,4.2,4,0,2019-02-22,0,13,3,0.2328571428571428,4900,13.424657534246576,48
Earnest Hankard,10074,1,5,3,0,64246,0,20,Production Technician II,MA,2155,1988-08-10,M ,Single,US Citizen,Yes,White,2013-11-11,2025-04-28 19:48:37.833969,N/A-StillEmployed,Active,Production       ,Kelley Spirea,18.0,LinkedIn,Fully Meets,5.0,3,0,2019-01-08,0,20,3,0.1571428571428571,4186,11.468493150684932,36
Christie Harrington,10097,5,5,3,0,52177,1,19,Production Technician I,MA,2324,1952-08-18,F,Single,US Citizen,No,White,2012-01-09,2015-12-15 00:00:00.000000,retiring,Voluntarily Terminated,Production       ,Webster Butler,39.0,CareerBuilder,Fully Meets,4.64,4,0,2015-05-02,0,8,3,0.3768888888888889,1436,3.9342465753424656,72
Kara Harrison,10007,1,5,4,0,62065,0,19,Production Technician I,MA,1886,1974-05-02,F,Married,US Citizen,No,White,2014-05-12,2025-04-28 19:48:37.833969,N/A-StillEmployed,Active,Production       ,Amy Dunn,11.0,CareerBuilder,Exceeds,4.76,4,0,2019-02-15,0,5,4,0.638,4004,10.96986301369863,50
Anthony Heitzman,10129,1,5,3,0,46998,0,19,Production Technician I,MA,2149,1984-01-04,M ,Single,US Citizen,No,White,2012-08-13,2025-04-28 19:48:37.833969,N/A-StillEmployed,Active,Production       ,Ketsia Liebig,19.0,Google Search,Fully Meets,4.17,4,0,2019-02-11,0,1,3,1.6255000000000002,4641,12.715068493150683,41
Trina Hendrickson,10075,5,5,3,0,68099,1,20,Production Technician II,MA,2021,1972-08-27,F,Single,US Citizen,No,White,2011-01-10,2013-06-18 00:00:00.000000,hours,Voluntarily Terminated,Production       ,Kelley Spirea,18.0,CareerBuilder,Fully Meets,5.0,3,0,2013-01-30,0,15,3,0.20625,890,2.4383561643835616,52
Alfred Hitchcock,10167,1,6,3,0,70545,0,3,Area Sales Manager,NH,3062,1988-09-14,M ,Married,US Citizen,No,American Indian or Alaska Native,2014-08-18,2025-04-28 19:48:37.833969,N/A-StillEmployed,Active,Sales,John Smith,17.0,Indeed,Fully Meets,3.6,5,0,2019-01-30,0,9,3,0.328,3906,10.7013698630137,36
Adrienne J Homberger,10195,5,5,3,0,63478,1,20,Production Technician II,MA,2445,1984-02-16,F,Married,Non-Citizen,No,White,2011-08-15,2012-04-07 00:00:00.000000,relocation out of area,Voluntarily Terminated,Production       ,Michael Albert,30.0,Indeed,Fully Meets,3.03,5,0,2012-03-05,0,16,3,0.1828823529411764,236,0.6465753424657534,41
Jayne Horton,10112,1,3,3,0,97999,0,8,Database Administrator,MA,2493,1984-02-21,F,Single,US Citizen,No,White,2015-03-30,2025-04-28 19:48:37.833969,N/A-StillEmployed,Active,IT/IS,Simon Roup,4.0,Indeed,Fully Meets,4.48,5,6,2019-01-03,0,4,3,0.7477182029811064,3682,10.087671232876712,41
Debra Houlihan,10272,1,6,3,0,180000,0,11,Director of Sales,RI,2908,1966-03-17,F,Married,US Citizen,No,White,2014-05-05,2025-04-28 19:48:37.833969,N/A-StillEmployed,Active,Sales,Janet King,2.0,LinkedIn,Fully Meets,4.5,4,0,2019-01-21,0,19,3,0.1674999999999999,4011,10.98904109589041,59
Estelle Howard,10182,1,1,3,0,49920,1,2,Administrative Assistant,MA,2170,1985-09-16,F,Married,US Citizen,No,Black or African American,2015-02-16,2015-04-15 00:00:00.000000,"no-call, no-show",Terminated for Cause,Admin Offices,Brandon R. LeBlanc,1.0,Indeed,Fully Meets,3.24,3,4,2015-04-15,0,6,3,0.41899197017763,58,0.1589041095890411,39
Jane Hudson,10248,1,5,3,0,55425,0,19,Production Technician I,MA,2176,1986-06-10,F,Single,US Citizen,No,White,2012-02-20,2025-04-28 19:48:37.833969,N/A-StillEmployed,Active,Production       ,Ketsia Liebig,19.0,LinkedIn,Fully Meets,4.8,4,0,2019-01-07,0,4,3,0.6880000000000001,4816,13.194520547945206,38
Julissa Hunts,10201,2,5,3,0,69340,0,20,Production Technician II,MA,2021,1984-03-11,F,Single,US Citizen,No,White,2016-06-06,2025-04-28 19:48:37.833969,N/A-StillEmployed,Active,Production       ,Elijiah Gray,16.0,LinkedIn,Fully Meets,3.0,5,0,2019-01-18,0,4,3,0.62,3248,8.898630136986302,41
Rosalie Hutter,10214,2,5,3,0,64995,0,20,Production Technician II,MA,2351,1992-05-07,F,Separated,US Citizen,No,White,2015-06-05,2025-04-28 19:48:37.833969,N/A-StillEmployed,Active,Production       ,Webster Butler,nil,Indeed,Fully Meets,4.5,3,0,2019-02-14,0,6,3,0.45,3615,9.904109589041097,32
Ming Huynh,10160,5,5,3,0,68182,1,20,Production Technician II,MA,1742,1976-09-22,F,Divorced,US Citizen,No,White,2011-02-21,2013-04-01 00:00:00.000000,unhappy,Voluntarily Terminated,Production       ,Amy Dunn,11.0,Google Search,Fully Meets,3.72,3,0,2013-02-01,0,18,3,0.1534736842105263,770,2.1095890410958904,48
Walter Immediato,10289,5,5,2,0,83082,1,18,Production Manager,MA,2128,1976-11-15,M ,Married,US Citizen,No,Asian,2011-02-21,2012-09-24 00:00:00.000000,unhappy,Voluntarily Terminated,Production       ,Janet King,2.0,Indeed,Needs Improvement,2.34,2,0,2012-04-12,3,4,2,0.23775,581,1.5917808219178082,48
Rose Ivey,10139,1,5,3,0,51908,0,19,Production Technician I,MA,1775,1991-01-28,F,Single,US Citizen,No,White,2013-08-19,2025-04-28 19:48:37.833969,N/A-StillEmployed,Active,Production       ,Brannon Miller,12.0,Indeed,Fully Meets,3.99,3,0,2019-01-14,0,14,3,0.1998,4270,11.6986301369863,34
Maryellen Jackson,10227,1,5,3,0,61242,0,19,Production Technician I,MA,2081,1972-09-11,F,Single,US Citizen,No,Black or African American,2012-11-05,2025-04-28 19:48:37.833969,N/A-StillEmployed,Active,Production       ,David Stanley,14.0,LinkedIn,Fully Meets,4.1,3,0,2019-01-17,0,7,3,0.37875,4557,12.484931506849316,52
Hannah Jacobi,10236,1,5,3,0,45069,0,19,Production Technician I,MA,1778,1966-03-22,F,Divorced,US Citizen,No,White,2013-09-30,2025-04-28 19:48:37.833969,N/A-StillEmployed,Active,Production       ,Kissy Sullivan,20.0,Employee Referral,Fully Meets,4.3,5,0,2019-02-22,0,7,3,0.43625,4228,11.583561643835615,59
Tayana Jeannite,10009,1,5,4,0,60724,0,20,Production Technician II,MA,1821,1986-11-06,F,Divorced,US Citizen,No,American Indian or Alaska Native,2011-07-05,2025-04-28 19:48:37.833969,N/A-StillEmployed,Active,Production       ,Ketsia Liebig,19.0,LinkedIn,Exceeds,4.6,4,0,2019-02-25,0,11,4,0.315,5046,13.824657534246576,38
Sneha Jhaveri,10060,1,5,3,0,60436,0,19,Production Technician I,MA,2109,1964-04-13,F,Separated,US Citizen,No,White,2014-01-06,2025-04-28 19:48:37.833969,N/A-StillEmployed,Active,Production       ,Kelley Spirea,18.0,LinkedIn,Fully Meets,5.0,5,0,2019-01-21,0,9,3,0.37,4130,11.315068493150685,61
George Johnson,10034,5,5,4,0,46837,1,19,Production Technician I,MA,2445,1959-08-19,M ,Married,US Citizen,No,White,2011-11-07,2018-04-29 00:00:00.000000,more money,Voluntarily Terminated,Production       ,Michael Albert,22.0,CareerBuilder,Exceeds,4.7,4,0,2018-02-14,0,9,4,0.3809999999999999,2365,6.47945205479452,65
Noelle Johnson,10156,3,3,3,0,105700,0,8,Database Administrator,MA,2301,1986-11-07,F,Married,US Citizen,No,Asian,2015-01-05,2025-04-28 19:48:37.833969,N/A-StillEmployed,Active,IT/IS,Simon Roup,4.0,Indeed,Fully Meets,3.75,3,5,2019-02-11,0,2,3,1.0347253156409353,3766,10.31780821917808,38
Yen Johnston,10036,1,5,4,0,63322,0,20,Production Technician II,MA,2128,1969-09-08,F,Single,US Citizen,No,White,2014-07-07,2025-04-28 19:48:37.833969,N/A-StillEmployed,Active,Production       ,Brannon Miller,12.0,LinkedIn,Exceeds,4.3,3,0,2019-01-11,0,1,4,1.745,3948,10.816438356164385,55
Judy Jung,10138,5,5,3,0,61154,1,19,Production Technician I,MA,2446,1986-04-17,F,Married,US Citizen,No,Black or African American,2011-01-10,2016-04-01 00:00:00.000000,unhappy,Voluntarily Terminated,Production       ,Elijiah Gray,16.0,CareerBuilder,Fully Meets,4.0,4,0,2016-02-03,0,4,3,0.64,1908,5.227397260273973,39
Donysha Kampew,10244,5,6,3,0,68999,1,21,Sales Manager,PA,19444,1989-11-11,F,Single,US Citizen,No,White,2011-11-07,2014-04-24 00:00:00.000000,maternity leave - did not return,Voluntarily Terminated,Sales,Debra Houlihan,15.0,Google Search,Fully Meets,4.5,5,0,2013-03-30,0,2,3,1.1833333333333331,899,2.463013698630137,35
Kramer Keatts,10192,1,5,3,0,50482,0,19,Production Technician I,MA,1887,1976-01-19,M ,Single,US Citizen,No,White,2013-09-30,2025-04-28 19:48:37.833969,N/A-StillEmployed,Active,Production       ,Michael Albert,22.0,Indeed,Fully Meets,3.07,4,0,2019-01-23,0,10,3,0.2655454545454546,4228,11.583561643835615,49
Bartholemew Khemmich,10231,1,6,3,0,65310,0,3,Area Sales Manager,CO,80820,1979-11-27,M ,Single,US Citizen,No,White,2013-08-19,2025-04-28 19:48:37.833969,N/A-StillEmployed,Active,Sales,Lynn Daneault,21.0,Indeed,Fully Meets,4.3,5,0,2019-01-22,0,13,3,0.2492857142857143,4270,11.6986301369863,45
Janet King,10089,1,2,3,0,250000,0,16,President & CEO,MA,1902,1954-09-21,F,Married,US Citizen,Yes,White,2012-07-02,2025-04-28 19:48:37.833969,N/A-StillEmployed,Active,Executive Office,Board of Directors,9.0,Indeed,Fully Meets,4.83,3,0,2019-01-17,0,10,3,0.2953636363636364,4683,12.830136986301367,70
Kathleen Kinsella,10166,5,5,3,0,54005,1,19,Production Technician I,MA,2170,1973-12-08,F,Married,US Citizen,No,White,2011-09-26,2015-06-04 00:00:00.000000,more money,Voluntarily Terminated,Production       ,Webster Butler,39.0,Google Search,Fully Meets,3.6,5,0,2015-03-01,0,16,3,0.1929411764705882,1347,3.690410958904109,51
Alexandra Kirill,10170,5,5,3,0,45433,1,19,Production Technician I,MA,2127,1970-10-08,F,Married,US Citizen,No,White,2011-09-26,2014-01-09 00:00:00.000000,more money,Voluntarily Terminated,Production       ,Amy Dunn,11.0,Google Search,Fully Meets,3.49,4,0,2013-01-30,0,6,3,0.4352857142857142,836,2.290410958904109,54
Bradley J Knapp,10208,1,5,3,0,46654,0,19,Production Technician I,MA,1721,1977-11-10,M ,Single,US Citizen,No,Black or African American,2014-02-17,2025-04-28 19:48:37.833969,N/A-StillEmployed,Active,Production       ,Ketsia Liebig,19.0,LinkedIn,Fully Meets,3.1,3,0,2019-02-06,0,3,3,0.6825,4088,11.2,47
John Kretschmer,10176,1,5,3,0,63973,0,19,Production Technician I,MA,1801,1980-02-02,M ,Married,US Citizen,No,Asian,2011-01-10,2025-04-28 19:48:37.833969,N/A-StillEmployed,Active,Production       ,Brannon Miller,12.0,Indeed,Fully Meets,3.38,3,0,2019-01-21,0,17,3,0.1563333333333333,5222,14.306849315068494,45
Freddy Kreuger,10165,1,6,3,1,71339,0,3,Area Sales Manager,NY,10171,1969-02-24,M ,Single,US Citizen,Yes,Black or African American,2011-03-07,2025-04-28 19:48:37.833969,N/A-StillEmployed,Active,Sales,John Smith,17.0,Diversity Job Fair,Fully Meets,3.65,5,0,2019-01-17,0,20,3,0.1569047619047619,5166,14.153424657534249,56
Jyoti Lajiri,10113,3,3,3,0,93206,0,28,Sr. Network Engineer,MA,2169,1986-04-23,M ,Married,US Citizen,No,White,2014-11-10,2025-04-28 19:48:37.833969,N/A-StillEmployed,Active,IT/IS,Peter Monroe,7.0,Employee Referral,Fully Meets,4.46,5,6,2019-01-07,0,7,3,0.4665738768631914,3822,10.471232876712328,39
Hans Landa,10092,4,5,3,0,82758,1,18,Production Manager,MA,1890,1972-07-01,M ,Married,US Citizen,No,White,2011-01-10,2015-12-12 00:00:00.000000,attendance,Terminated for Cause,Production       ,Janet King,2.0,Employee Referral,Fully Meets,4.78,4,0,2015-02-15,0,9,3,0.3434,1797,4.923287671232877,52
Lindsey Langford,10106,5,5,3,0,66074,1,20,Production Technician II,MA,2090,1979-07-25,F,Divorced,US Citizen,No,Asian,2013-01-07,2014-03-31 00:00:00.000000,Another position,Voluntarily Terminated,Production       ,David Stanley,14.0,Indeed,Fully Meets,4.52,3,0,2014-02-20,0,20,3,0.1502857142857143,448,1.227397260273973,45
Enrico Langton,10052,1,5,3,0,46120,0,19,Production Technician I,MA,2048,1986-12-09,M ,Married,US Citizen,No,White,2012-07-09,2025-04-28 19:48:37.833969,N/A-StillEmployed,Active,Production       ,David Stanley,14.0,LinkedIn,Fully Meets,5.0,5,0,2019-02-04,0,13,3,0.2642857142857143,4676,12.810958904109588,38
William LaRotonda,10038,1,1,3,0,64520,0,1,Accountant I,MA,1460,1984-04-26,M ,Divorced,US Citizen,No,Black or African American,2014-01-06,2025-04-28 19:48:37.833969,N/A-StillEmployed,Active,Admin Offices,Brandon R. LeBlanc,1.0,Website,Fully Meets,5.0,4,4,2019-01-17,0,3,3,0.9152359478108524,4130,11.315068493150685,41
Mohammed Latif,10249,5,5,3,0,61962,1,20,Production Technician II,MA,2126,1984-05-09,M ,Married,US Citizen,No,White,2012-04-02,2013-04-15 00:00:00.000000,more money,Voluntarily Terminated,Production       ,Kissy Sullivan,20.0,Google Search,Fully Meets,4.9,3,0,2013-02-20,0,20,3,0.1557142857142857,378,1.0356164383561643,40
Binh Le,10232,1,3,3,0,81584,0,22,Senior BI Developer,MA,1886,1987-06-14,F,Single,US Citizen,No,Asian,2016-10-02,2025-04-28 19:48:37.833969,N/A-StillEmployed,Active,IT/IS,Brian Champaigne,13.0,Indeed,Fully Meets,4.1,5,7,2019-01-08,0,2,3,1.212648051389328,3130,8.575342465753424,37
Dallas Leach,10087,5,5,3,0,63676,1,19,Production Technician I,MA,1810,1979-01-17,F,Single,US Citizen,No,Asian,2011-09-26,2018-08-19 00:00:00.000000,return to school,Voluntarily Terminated,Production       ,Kissy Sullivan,20.0,CareerBuilder,Fully Meets,4.88,3,0,2017-07-02,0,17,3,0.1813333333333333,2519,6.901369863013699,46
Brandon R LeBlanc,10134,1,1,3,0,93046,0,23,Shared Services Manager,MA,1460,1984-06-10,M ,Married,US Citizen,No,White,2016-01-05,2025-04-28 19:48:37.833969,N/A-StillEmployed,Active,Admin Offices,Janet King,2.0,CareerBuilder,Fully Meets,4.1,4,0,2019-01-28,0,20,3,0.1538095238095237,3401,9.31780821917808,40
Hannibal Lecter,10251,1,5,3,0,64738,0,19,Production Technician I,MA,1776,1982-09-02,M ,Married,US Citizen,No,Asian,2012-05-14,2025-04-28 19:48:37.833969,N/A-StillEmployed,Active,Production       ,Elijiah Gray,16.0,Google Search,Fully Meets,4.1,3,0,2019-02-22,0,10,3,0.2754545454545454,4732,12.964383561643835,42
Giovanni Leruth,10103,1,6,3,0,70468,0,3,Area Sales Manager,UT,84111,1988-12-27,M ,Separated,US Citizen,No,Black or African American,2012-04-30,2025-04-28 19:48:37.833969,N/A-StillEmployed,Active,Sales,John Smith,17.0,Website,Fully Meets,4.53,3,0,2019-01-29,0,16,3,0.1858235294117647,4746,13.002739726027396,36
Ketsia Liebig,10017,1,5,4,0,77915,0,18,Production Manager,MA,2110,1981-10-26,F,Married,US Citizen,No,White,2013-09-30,2025-04-28 19:48:37.833969,N/A-StillEmployed,Active,Production       ,Janet King,2.0,Website,Exceeds,4.1,3,0,2019-01-21,0,11,4,0.2858333333333333,4228,11.583561643835615,43
Marilyn Linares,10186,5,5,3,0,52624,1,19,Production Technician I,MA,1886,1981-03-26,F,Married,US Citizen,No,White,2011-07-05,2018-09-26 00:00:00.000000,unhappy,Voluntarily Terminated,Production       ,Michael Albert,22.0,Indeed,Fully Meets,3.18,4,0,2018-03-02,0,16,3,0.1737647058823529,2640,7.232876712328767,44
Mathew Linden,10137,3,5,3,0,63450,0,20,Production Technician II,MA,1770,1979-03-19,M ,Married,US Citizen,No,White,2013-07-08,2025-04-28 19:48:37.833969,N/A-StillEmployed,Active,Production       ,Kelley Spirea,18.0,LinkedIn,Fully Meets,4.0,3,0,2019-02-18,0,7,3,0.375,4312,11.813698630136988,46
Leonara Lindsay,10008,1,3,4,1,51777,0,14,IT Support,CT,6070,1988-10-05,F,Single,US Citizen,Yes,Black or African American,2011-01-21,2025-04-28 19:48:37.833969,N/A-StillEmployed,Active,IT/IS,Eric Dougall,6.0,Diversity Job Fair,Exceeds,4.64,4,5,2019-01-25,0,14,4,0.264745063128187,5211,14.276712328767124,36
Susan Lundy,10096,5,5,3,0,67237,1,20,Production Technician II,MA,2122,1976-12-26,F,Widowed,US Citizen,No,White,2013-07-08,2016-09-15 00:00:00.000000,more money,Voluntarily Terminated,Production       ,Michael Albert,22.0,LinkedIn,Fully Meets,4.65,4,0,2016-06-10,0,15,3,0.2121875,1165,3.191780821917808,48
Lisa Lunquist,10035,1,5,4,0,73330,0,20,Production Technician II,MA,2324,1982-03-28,F,Single,US Citizen,No,Black or African American,2013-08-19,2025-04-28 19:48:37.833969,N/A-StillEmployed,Active,Production       ,Elijiah Gray,16.0,Indeed,Exceeds,4.2,4,0,2019-02-12,0,19,4,0.183,4270,11.6986301369863,43
Allison Lydon,10057,3,5,3,0,52057,0,19,Production Technician I,MA,2122,1975-10-22,F,Married,US Citizen,No,Black or African American,2015-02-16,2025-04-28 19:48:37.833969,N/A-StillEmployed,Active,Production       ,Elijiah Gray,16.0,Website,Fully Meets,5.0,3,0,2019-01-23,0,6,3,0.4714285714285715,3724,10.202739726027398,49
Lindsay Lynch,10004,5,5,4,1,47434,1,19,Production Technician I,MA,1844,1973-02-14,F,Single,US Citizen,Yes,Black or African American,2011-11-07,2015-11-14 00:00:00.000000,Another position,Voluntarily Terminated,Production       ,Webster Butler,39.0,Diversity Job Fair,Exceeds,5.0,4,0,2015-02-02,0,17,4,0.2166666666666666,1468,4.021917808219178,52
Samuel MacLennan,10191,5,5,3,0,52788,1,19,Production Technician I,MA,1938,1972-11-09,M ,Widowed,US Citizen,No,White,2012-09-24,2017-09-26 00:00:00.000000,hours,Voluntarily Terminated,Production       ,Amy Dunn,11.0,Indeed,Fully Meets,3.08,4,0,2017-04-01,0,18,3,0.1538947368421052,1828,5.008219178082192,52
Lauren Mahoney,10219,1,5,3,0,45395,0,19,Production Technician I,MA,2189,1986-07-07,F,Single,US Citizen,No,White,2014-01-06,2025-04-28 19:48:37.833969,N/A-StillEmployed,Active,Production       ,Ketsia Liebig,19.0,LinkedIn,Fully Meets,4.6,4,0,2019-02-26,0,14,3,0.2253333333333333,4130,11.315068493150685,38
Robyn Manchester,10077,2,5,3,0,62385,0,20,Production Technician II,MA,2324,1976-08-25,F,Married,US Citizen,No,White,2016-05-11,2025-04-28 19:48:37.833969,N/A-StillEmployed,Active,Production       ,Webster Butler,nil,LinkedIn,Fully Meets,5.0,3,0,2019-01-21,0,4,3,0.66,3274,8.96986301369863,48
Karen Mancuso,10073,5,5,3,0,68407,1,20,Production Technician II,MA,2176,1986-12-10,F,Married,US Citizen,No,Two or more races,2011-07-05,2012-08-19 00:00:00.000000,Another position,Voluntarily Terminated,Production       ,Amy Dunn,11.0,LinkedIn,Fully Meets,5.0,4,0,2012-07-02,0,16,3,0.2058823529411764,411,1.126027397260274,38
Debbie Mangal,10279,1,5,3,0,61349,0,19,Production Technician I,MA,2451,1974-11-07,F,Married,US Citizen,No,White,2013-11-11,2025-04-28 19:48:37.833969,N/A-StillEmployed,Active,Production       ,Brannon Miller,12.0,LinkedIn,Fully Meets,4.1,3,0,2019-01-22,0,11,3,0.2525,4186,11.468493150684932,50
Sandra Martin,10110,1,4,3,0,105688,0,24,Software Engineer,MA,2135,1987-11-07,F,Single,US Citizen,No,Asian,2013-11-11,2025-04-28 19:48:37.833969,N/A-StillEmployed,Active,Software Engineering,Alex Sweetwater,10.0,Google Search,Fully Meets,4.5,5,4,2019-01-14,0,14,3,0.2473962527495606,4186,11.468493150684932,37
Shana Maurice,10053,1,5,3,0,54132,0,19,Production Technician I,MA,2330,1977-11-22,F,Married,US Citizen,No,White,2011-05-31,2025-04-28 19:48:37.833969,N/A-StillEmployed,Active,Production       ,David Stanley,14.0,Indeed,Fully Meets,5.0,4,0,2019-01-10,0,8,3,0.3888888888888889,5081,13.92054794520548,47
B Carthy,10076,1,5,3,0,55315,0,20,Production Technician II,MA,2149,1987-05-21,F,Single,US Citizen,No,Black or African American,2015-03-30,2025-04-28 19:48:37.833969,N/A-StillEmployed,Active,Production       ,Ketsia Liebig,19.0,LinkedIn,Fully Meets,5.0,5,0,2019-02-07,0,16,3,0.2176470588235294,3682,10.087671232876712,37
Sandy Mckenna,10145,1,5,3,0,62810,0,19,Production Technician I,MA,2184,1987-01-07,F,Married,US Citizen,No,Black or African American,2013-01-07,2025-04-28 19:48:37.833969,N/A-StillEmployed,Active,Production       ,Kissy Sullivan,20.0,CareerBuilder,Fully Meets,3.93,3,0,2019-01-30,0,20,3,0.1418571428571428,4494,12.312328767123288,38
Jac McKinzie,10202,2,6,3,0,63291,0,3,Area Sales Manager,TX,78789,1984-07-01,M ,Married,US Citizen,No,Two or more races,2016-07-06,2025-04-28 19:48:37.833969,N/A-StillEmployed,Active,Sales,Lynn Daneault,21.0,Website,Fully Meets,3.4,4,0,2019-01-29,0,7,3,0.3775,3218,8.816438356164383,40
Elizabeth Meads,10128,5,5,3,1,62659,1,19,Production Technician I,MA,1760,1968-05-30,F,Single,US Citizen,No,Black or African American,2012-04-02,2016-11-11 00:00:00.000000,Another position,Voluntarily Terminated,Production       ,Kelley Spirea,18.0,Diversity Job Fair,Fully Meets,4.18,4,0,2016-02-05,0,17,3,0.1807777777777777,1684,4.613698630136986,56
Jennifer Medeiros,10068,1,5,3,0,55688,0,19,Production Technician I,MA,2346,1976-09-22,F,Single,US Citizen,No,White,2015-03-30,2025-04-28 19:48:37.833969,N/A-StillEmployed,Active,Production       ,Michael Albert,22.0,CareerBuilder,Fully Meets,5.0,4,0,2019-01-21,0,10,3,0.3181818181818182,3682,10.087671232876712,48
Brannon Miller,10116,1,5,3,0,83667,0,18,Production Manager,MA,2045,1981-08-10,M ,Single,US Citizen,yes,Hispanic,2012-08-16,2025-04-28 19:48:37.833969,N/A-StillEmployed,Active,Production       ,Janet King,2.0,Indeed,Fully Meets,4.37,3,0,2019-01-14,0,2,3,1.037,4638,12.706849315068494,43
Ned Miller,10298,5,5,1,0,55800,1,20,Production Technician II,MA,2472,1985-06-29,M ,Single,US Citizen,No,White,2011-08-15,2014-09-04 00:00:00.000000,unhappy,Voluntarily Terminated,Production       ,Brannon Miller,12.0,LinkedIn,PIP,3.0,2,0,2013-01-14,6,6,1,0.1307692307692307,1116,3.0575342465753423,39
Erasumus Monkfish,10213,1,5,3,0,58207,0,20,Production Technician II,MA,1450,1992-08-17,M ,Married,US Citizen,No,White,2011-11-07,2025-04-28 19:48:37.833969,N/A-StillEmployed,Active,Production       ,David Stanley,14.0,LinkedIn,Fully Meets,3.7,3,0,2019-01-08,0,14,3,0.194,4921,13.482191780821918,32
Peter Monroe,10288,1,3,2,1,157000,0,13,IT Manager - Infra,MA,2134,1986-10-05,M ,Married,Eligible NonCitizen,Yes,Black or African American,2012-02-15,2025-04-28 19:48:37.833969,N/A-StillEmployed,Active,IT/IS,Jennifer Zamora,5.0,Diversity Job Fair,Needs Improvement,2.39,3,6,2019-02-22,4,13,2,0.1284217230503073,4821,13.208219178082192,38
Luisa Monterro,10025,1,5,4,0,72460,0,20,Production Technician II,MA,2126,1970-04-24,F,Single,US Citizen,No,Black or African American,2013-05-13,2025-04-28 19:48:37.833969,N/A-StillEmployed,Active,Production       ,Kissy Sullivan,20.0,Indeed,Exceeds,4.7,3,0,2019-01-14,0,1,4,1.805,4368,11.967123287671232,55
Patrick Moran,10223,3,5,3,1,72106,0,20,Production Technician II,MA,2127,1976-12-03,M ,Single,US Citizen,No,Black or African American,2012-01-09,2025-04-28 19:48:37.833969,N/A-StillEmployed,Active,Production       ,Kelley Spirea,18.0,Diversity Job Fair,Fully Meets,4.1,4,0,2019-01-31,0,12,3,0.2484615384615384,4858,13.30958904109589,48
Tanya Morway,10151,1,3,3,0,52599,0,15,Network Engineer,MA,2048,1979-04-04,F,Married,US Citizen,No,White,2015-02-16,2025-04-28 19:48:37.833969,N/A-StillEmployed,Active,IT/IS,Peter Monroe,7.0,CareerBuilder,Fully Meets,3.81,3,6,2019-02-11,0,6,3,0.4482272878436473,3724,10.202739726027398,46
Dawn Motlagh,10254,1,5,3,0,63430,0,19,Production Technician I,MA,2453,1984-07-07,F,Divorced,US Citizen,No,White,2013-04-01,2025-04-28 19:48:37.833969,N/A-StillEmployed,Active,Production       ,Elijiah Gray,16.0,LinkedIn,Fully Meets,4.4,4,0,2019-01-17,0,18,3,0.1747368421052631,4410,12.082191780821915,40
Maliki Moumanil,10120,1,5,3,0,74417,0,20,Production Technician II,MA,1460,1974-12-01,M ,Separated,US Citizen,No,Black or African American,2013-05-13,2025-04-28 19:48:37.833969,N/A-StillEmployed,Active,Production       ,Michael Albert,22.0,LinkedIn,Fully Meets,4.29,5,0,2019-01-28,0,11,3,0.2905833333333333,4368,11.967123287671232,50
Michael Myers,10216,1,5,3,0,57575,0,19,Production Technician I,MA,1550,1980-04-18,M ,Single,US Citizen,No,Asian,2013-07-08,2025-04-28 19:48:37.833969,N/A-StillEmployed,Active,Production       ,Kissy Sullivan,20.0,LinkedIn,Fully Meets,4.1,4,0,2019-01-22,0,13,3,0.2307142857142856,4312,11.813698630136988,45
Kurt Navathe,10079,1,3,3,0,87921,0,22,Senior BI Developer,MA,2056,1970-04-25,M ,Single,US Citizen,No,Asian,2017-02-10,2025-04-28 19:48:37.833969,N/A-StillEmployed,Active,IT/IS,Brian Champaigne,13.0,Indeed,Fully Meets,5.0,3,6,2019-02-25,0,17,3,0.1941439452725295,2999,8.216438356164383,55
Colombui Ndzi,10215,5,5,3,1,50470,1,19,Production Technician I,MA,2110,1989-05-02,M ,Single,US Citizen,No,Black or African American,2011-09-26,2014-04-04 00:00:00.000000,return to school,Voluntarily Terminated,Production       ,Webster Butler,39.0,Diversity Job Fair,Fully Meets,4.3,3,0,2013-03-02,0,19,3,0.1545,921,2.5232876712328767,35
Horia Ndzi,10185,5,5,3,0,46664,1,19,Production Technician I,MA,2421,1983-03-28,M ,Married,US Citizen,No,White,2013-04-01,2016-05-25 00:00:00.000000,more money,Voluntarily Terminated,Production       ,Amy Dunn,11.0,Employee Referral,Fully Meets,3.18,3,0,2016-03-06,0,10,3,0.2503636363636363,1150,3.150684931506849,42
Richard Newman,10063,3,5,3,0,48495,0,19,Production Technician I,MA,2136,1977-04-08,M ,Married,US Citizen,No,White,2014-05-12,2025-04-28 19:48:37.833969,N/A-StillEmployed,Active,Production       ,Ketsia Liebig,19.0,LinkedIn,Fully Meets,5.0,5,0,2019-02-18,0,11,3,0.3083333333333333,4004,10.96986301369863,48
Shari Ngodup,10037,1,5,4,1,52984,0,19,Production Technician I,MA,1810,1967-06-03,F,Separated,US Citizen,No,Black or African American,2013-04-01,2025-04-28 19:48:37.833969,N/A-StillEmployed,Active,Production       ,Brannon Miller,12.0,Diversity Job Fair,Exceeds,4.0,3,0,2019-02-13,0,12,4,0.2615384615384615,4410,12.082191780821915,57
Dheepa Nguyen,10042,1,6,3,0,63695,0,3,Area Sales Manager,GA,30428,1989-03-31,F,Single,US Citizen,No,Two or more races,2013-07-08,2025-04-28 19:48:37.833969,N/A-StillEmployed,Active,Sales,Lynn Daneault,21.0,Indeed,Fully Meets,5.0,5,0,2019-01-25,0,2,3,1.2333333333333334,4312,11.813698630136988,36
Lei Nguyen,10206,1,5,3,0,62061,0,19,Production Technician I,MA,2132,1984-07-07,F,Single,US Citizen,No,White,2013-07-08,2025-04-28 19:48:37.833969,N/A-StillEmployed,Active,Production       ,David Stanley,14.0,LinkedIn,Fully Meets,3.6,5,0,2019-01-02,0,4,3,0.656,4312,11.813698630136988,40
Kristie Nowlan,10104,1,5,3,0,66738,0,20,Production Technician II,MA,1040,1985-11-23,F,Single,US Citizen,No,White,2014-11-10,2025-04-28 19:48:37.833969,N/A-StillEmployed,Active,Production       ,Elijiah Gray,16.0,Indeed,Fully Meets,4.53,5,0,2019-01-16,0,5,3,0.5931666666666667,3822,10.471232876712328,39
Lynn O'hare,10303,4,5,1,0,52674,1,19,Production Technician I,MA,2152,1980-09-30,F,Single,US Citizen,No,Two or more races,2014-03-31,2018-05-01 00:00:00.000000,performance,Terminated for Cause,Production       ,Kissy Sullivan,20.0,LinkedIn,PIP,2.33,2,0,2018-03-09,6,3,1,0.1499,1492,4.087671232876712,44
Brooke Oliver,10078,5,5,3,0,71966,1,20,Production Technician II,MA,2492,1952-02-11,F,Married,US Citizen,No,Asian,2012-05-14,2013-08-19 00:00:00.000000,unhappy,Voluntarily Terminated,Production       ,Webster Butler,39.0,LinkedIn,Fully Meets,5.0,3,0,2013-07-02,0,17,3,0.1833333333333333,462,1.2657534246575342,73
Jasmine Onque,10121,1,6,3,0,63051,0,3,Area Sales Manager,FL,33174,1990-05-11,F,Single,US Citizen,Yes,White,2013-09-30,2025-04-28 19:48:37.833969,N/A-StillEmployed,Active,Sales,Lynn Daneault,21.0,Indeed,Fully Meets,4.28,3,0,2019-01-25,0,1,3,1.542,4228,11.583561643835615,34
Adeel Osturnka,10021,1,5,4,0,47414,0,19,Production Technician I,MA,2478,1976-12-11,M ,Married,US Citizen,No,White,2013-09-30,2025-04-28 19:48:37.833969,N/A-StillEmployed,Active,Production       ,Kelley Spirea,18.0,LinkedIn,Exceeds,5.0,3,0,2019-02-07,0,13,4,0.2642857142857143,4228,11.583561643835615,48
Clinton Owad,10281,1,5,2,0,53060,0,19,Production Technician I,MA,1760,1979-11-24,M ,Single,US Citizen,No,Black or African American,2014-02-17,2025-04-28 19:48:37.833969,N/A-StillEmployed,Active,Production       ,Michael Albert,22.0,LinkedIn,Needs Improvement,4.25,3,0,2019-02-04,4,6,2,0.2431818181818182,4088,11.2,45
Travis Ozark,10041,1,6,3,0,68829,0,3,Area Sales Manager,NC,27229,1982-05-19,M ,Single,US Citizen,No,White,2015-01-05,2025-04-28 19:48:37.833969,N/A-StillEmployed,Active,Sales,John Smith,17.0,Website,Fully Meets,5.0,5,0,2019-01-14,0,18,3,0.1947368421052631,3766,10.31780821917808,42
Nina Panjwani,10148,5,5,3,0,63515,1,19,Production Technician I,MA,2351,1979-05-01,F,Married,US Citizen,No,White,2011-02-07,2014-01-12 00:00:00.000000,Another position,Voluntarily Terminated,Production       ,Elijiah Gray,16.0,Google Search,Fully Meets,3.89,4,0,2013-03-04,0,7,3,0.395875,1070,2.9315068493150687,46
Lucas Patronick,10005,5,4,4,1,108987,1,24,Software Engineer,MA,1844,1979-02-20,M ,Single,US Citizen,No,Black or African American,2011-11-07,2015-09-07 00:00:00.000000,Another position,Voluntarily Terminated,Software Engineering,Alex Sweetwater,10.0,Diversity Job Fair,Exceeds,5.0,5,3,2015-08-16,0,13,4,0.3027592454365706,1400,3.835616438356164,46
Randall Pearson,10259,5,3,3,0,93093,1,9,Data Analyst,MA,2747,1984-09-05,M ,Married,US Citizen,No,White,2014-12-01,2016-05-01 00:00:00.000000,performance,Voluntarily Terminated,IT/IS,Simon Roup,4.0,Employee Referral,Fully Meets,4.7,4,5,2016-01-16,0,19,3,0.1794587973461403,517,1.4164383561643836,40
Martin Smith,10286,5,5,2,0,53564,1,19,Production Technician I,MA,2458,1988-03-17,M ,Single,US Citizen,No,Black or African American,2011-01-10,2017-12-28 00:00:00.000000,career change,Voluntarily Terminated,Production       ,Webster Butler,39.0,Google Search,Needs Improvement,3.54,5,0,2017-04-06,4,15,2,0.1431,2544,6.96986301369863,37
Ermine Pelletier,10297,5,5,2,0,60270,1,20,Production Technician II,MA,2472,1989-07-18,F,Married,US Citizen,No,Asian,2011-07-05,2015-09-15 00:00:00.000000,unhappy,Voluntarily Terminated,Production       ,Amy Dunn,11.0,CareerBuilder,Needs Improvement,2.4,5,0,2015-02-06,5,2,2,0.315,1533,4.2,35
Shakira Perry,10171,5,5,3,0,45998,1,19,Production Technician I,MA,2176,1986-07-20,F,Single,US Citizen,No,White,2011-05-16,2015-10-25 00:00:00.000000,medical issues,Voluntarily Terminated,Production       ,Amy Dunn,11.0,LinkedIn,Fully Meets,3.45,4,0,2014-05-13,0,5,3,0.5058333333333334,1623,4.446575342465754,38
Lauren Peters,10032,5,5,4,0,57954,1,20,Production Technician II,MA,1886,1986-08-17,F,Married,US Citizen,No,White,2011-05-16,2013-02-04 00:00:00.000000,more money,Voluntarily Terminated,Production       ,Ketsia Liebig,19.0,Indeed,Exceeds,4.2,5,0,2013-01-10,0,12,4,0.2969230769230769,630,1.726027397260274,38
Ebonee Peterson,10130,5,5,3,0,74669,1,18,Production Manager,MA,2030,1977-05-09,F,Married,US Citizen,No,White,2010-10-25,2016-05-18 00:00:00.000000,Another position,Voluntarily Terminated,Production       ,Janet King,2.0,Indeed,Fully Meets,4.16,5,0,2015-03-05,0,6,3,0.4925714285714286,2032,5.567123287671233,47
Shana Petingill,10217,1,5,3,0,74226,0,20,Production Technician II,MA,2050,1979-03-10,F,Married,Eligible NonCitizen,No,Asian,2012-04-02,2025-04-28 19:48:37.833969,N/A-StillEmployed,Active,Production       ,Brannon Miller,12.0,LinkedIn,Fully Meets,4.3,3,0,2019-01-14,0,14,3,0.206,4774,13.07945205479452,46
Thelma Petrowsky,10016,1,3,4,0,93554,0,9,Data Analyst,MA,1886,1984-09-16,F,Married,US Citizen,No,Black or African American,2014-11-10,2025-04-28 19:48:37.833969,N/A-StillEmployed,Active,IT/IS,Simon Roup,4.0,Employee Referral,Exceeds,4.6,5,7,2019-01-04,0,16,4,0.2463496561275284,3822,10.471232876712328,40
Hong Pham,10050,5,5,3,0,64724,1,19,Production Technician I,MA,2451,1988-03-06,M ,Married,US Citizen,No,Asian,2011-07-05,2012-11-30 00:00:00.000000,more money,Voluntarily Terminated,Production       ,Brannon Miller,12.0,Google Search,Fully Meets,5.0,3,0,2012-02-20,0,13,3,0.2357142857142857,514,1.4082191780821918,37
Brad Pitt,10164,1,5,3,0,47001,0,19,Production Technician I,MA,2451,1981-11-23,M ,Single,US Citizen,No,White,2007-11-05,2025-04-28 19:48:37.833969,N/A-StillEmployed,Active,Production       ,David Stanley,14.0,Google Search,Fully Meets,3.66,3,0,2019-02-25,0,15,3,0.181125,6384,17.49041095890411,43
Xana Potts,10124,1,6,3,0,61844,0,3,Area Sales Manager,KY,40220,1988-08-29,F,Married,US Citizen,No,Black or African American,2012-01-09,2025-04-28 19:48:37.833969,N/A-StillEmployed,Active,Sales,Lynn Daneault,21.0,Website,Fully Meets,4.2,5,0,2019-02-01,0,9,3,0.346,4858,13.30958904109589,36
Morissa Power,10187,5,5,3,0,46799,1,19,Production Technician I,MA,1742,1984-10-15,F,Divorced,Eligible NonCitizen,No,Asian,2011-05-16,2018-06-04 00:00:00.000000,Another position,Voluntarily Terminated,Production       ,Kissy Sullivan,20.0,Google Search,Fully Meets,3.17,4,0,2018-04-02,0,14,3,0.1967333333333333,2576,7.057534246575343,40
Louis Punjabhi,10225,1,5,3,0,59472,0,19,Production Technician I,MA,2109,1961-06-19,M ,Single,US Citizen,No,White,2014-01-06,2025-04-28 19:48:37.833969,N/A-StillEmployed,Active,Production       ,Kelley Spirea,18.0,Employee Referral,Fully Meets,4.8,3,0,2019-01-07,0,14,3,0.216,4130,11.315068493150685,63
Janine Purinton,10262,5,5,3,0,46430,1,19,Production Technician I,MA,2474,1970-09-22,F,Divorced,US Citizen,No,White,2012-09-24,2013-06-18 00:00:00.000000,unhappy,Voluntarily Terminated,Production       ,Kissy Sullivan,20.0,Indeed,Fully Meets,4.5,5,0,2013-04-02,0,16,3,0.2088235294117646,267,0.7315068493150685,54
Sean Quinn,10131,5,1,3,1,83363,1,23,Software Engineer,MA,2045,1984-11-06,M ,Married,Eligible NonCitizen,No,Black or African American,2011-02-21,2015-08-15 00:00:00.000000,career change,Voluntarily Terminated,Software Engineering,Janet King,2.0,Diversity Job Fair,Fully Meets,4.15,4,0,2014-04-19,0,4,3,0.649,1636,4.482191780821918,40
Maggie Rachael,10239,1,3,3,0,95920,0,4,BI Developer,MA,2110,1980-05-12,F,Married,US Citizen,No,Black or African American,2016-10-02,2025-04-28 19:48:37.833969,N/A-StillEmployed,Active,IT/IS,Brian Champaigne,13.0,Indeed,Fully Meets,4.4,4,6,2019-02-06,0,10,3,0.3195082740823211,3130,8.575342465753424,44
Quinn Rarrick,10152,5,5,3,0,61729,1,19,Production Technician I,MA,2478,1984-12-31,M ,Divorced,US Citizen,No,White,2011-09-26,2018-04-07 00:00:00.000000,more money,Voluntarily Terminated,Production       ,Michael Albert,22.0,Indeed,Fully Meets,3.8,5,0,2018-02-04,0,19,3,0.1669999999999999,2385,6.534246575342466,40
Kylo Ren,10140,1,6,3,0,61809,0,3,Area Sales Manager,ID,83706,1954-10-12,M ,Married,US Citizen,No,White,2014-05-12,2025-04-28 19:48:37.833969,N/A-StillEmployed,Active,Sales,John Smith,17.0,CareerBuilder,Fully Meets,3.98,3,0,2019-01-28,0,4,3,0.5988,4004,10.96986301369863,70
Thomas Rhoads,10058,5,5,3,0,45115,1,19,Production Technician I,MA,2176,1982-07-22,M ,Divorced,US Citizen,Yes,White,2011-05-16,2016-01-15 00:00:00.000000,retiring,Voluntarily Terminated,Production       ,Elijiah Gray,16.0,LinkedIn,Fully Meets,5.0,4,0,2015-03-30,0,11,3,0.2916666666666667,1705,4.671232876712328,42
Haley Rivera,10011,1,5,4,0,46738,0,19,Production Technician I,MA,2171,1973-01-12,F,Married,US Citizen,No,Asian,2011-11-28,2025-04-28 19:48:37.833969,N/A-StillEmployed,Active,Production       ,Webster Butler,nil,Google Search,Exceeds,4.36,5,0,2019-02-11,0,16,4,0.2298823529411764,4900,13.424657534246576,52
May Roberson,10230,5,5,3,0,64971,1,20,Production Technician II,MA,1902,1981-09-05,F,Divorced,Eligible NonCitizen,No,Black or African American,2011-09-26,2011-10-22 00:00:00.000000,return to school,Voluntarily Terminated,Production       ,David Stanley,14.0,Google Search,Fully Meets,4.5,4,0,2011-10-22,0,10,3,0.3045454545454545,26,0.0712328767123287,43
Peter Robertson,10224,5,5,3,0,55578,1,20,Production Technician II,MA,2138,1972-07-03,M ,Married,US Citizen,No,White,2011-07-05,2012-02-08 00:00:00.000000,Another position,Voluntarily Terminated,Production       ,Kissy Sullivan,20.0,Indeed,Fully Meets,4.2,5,0,2012-01-06,0,13,3,0.2471428571428571,218,0.5972602739726027,52
Alain Robinson,10047,5,5,3,0,50428,1,19,Production Technician I,MA,1420,1974-01-07,M ,Married,US Citizen,No,Black or African American,2011-01-10,2016-01-26 00:00:00.000000,attendance,Voluntarily Terminated,Production       ,Amy Dunn,11.0,Indeed,Fully Meets,5.0,3,0,2015-01-10,0,11,3,0.275,1842,5.046575342465753,51
Cherly Robinson,10285,4,5,2,0,61422,1,19,Production Technician I,MA,1460,1985-01-07,F,Married,US Citizen,No,White,2011-01-10,2016-05-17 00:00:00.000000,attendance,Terminated for Cause,Production       ,Ketsia Liebig,19.0,Indeed,Needs Improvement,3.6,3,0,2016-04-05,4,16,2,0.1180952380952381,1954,5.353424657534247,40
Elias Robinson,10020,1,5,4,0,63353,0,19,Production Technician I,MA,1730,1985-01-28,M ,Widowed,US Citizen,No,White,2013-07-08,2025-04-28 19:48:37.833969,N/A-StillEmployed,Active,Production       ,Brannon Miller,12.0,Employee Referral,Exceeds,3.6,5,0,2019-02-11,0,4,4,0.736,4312,11.813698630136988,40
Lori Roby,10162,1,3,3,0,89883,0,9,Data Analyst,MA,1886,1981-10-11,F,Married,US Citizen,No,White,2015-02-16,2025-04-28 19:48:37.833969,N/A-StillEmployed,Active,IT/IS,Simon Roup,4.0,Employee Referral,Fully Meets,3.69,5,6,2019-02-14,0,15,3,0.2188494384315957,3724,10.202739726027398,43
Bianca Roehrich,10149,5,3,3,0,120000,1,29,Principal Data Architect,MA,2703,1973-05-27,F,Single,US Citizen,Yes,White,2015-01-05,2018-11-10 00:00:00.000000,Another position,Voluntarily Terminated,IT/IS,Simon Roup,4.0,LinkedIn,Fully Meets,3.88,3,7,2018-02-13,0,12,3,0.2439957041667679,1405,3.8493150684931514,51
Katie Roper,10086,1,3,3,0,150290,0,7,Data Architect,MA,2056,1972-11-21,F,Single,US Citizen,No,Black or African American,2017-01-07,2025-04-28 19:48:37.833969,N/A-StillEmployed,Active,IT/IS,Brian Champaigne,13.0,Indeed,Fully Meets,4.94,3,5,2019-02-06,0,17,3,0.1922875526068225,3033,8.30958904109589,52
Ashley Rose,10054,1,5,3,0,60627,0,19,Production Technician I,MA,1886,1974-12-05,F,Separated,US Citizen,No,White,2014-01-06,2025-04-28 19:48:37.833969,N/A-StillEmployed,Active,Production       ,David Stanley,14.0,Website,Fully Meets,5.0,4,0,2019-01-31,0,8,3,0.3888888888888889,4130,11.315068493150685,50
Bruno Rossetti,10065,5,5,3,0,53180,1,19,Production Technician I,MA,2155,1987-03-18,M ,Single,US Citizen,No,White,2011-04-04,2018-08-13 00:00:00.000000,Another position,Voluntarily Terminated,Production       ,Kissy Sullivan,20.0,Google Search,Fully Meets,5.0,5,0,2018-07-02,0,4,3,0.74,2688,7.364383561643836,38
Simon Roup,10198,1,3,3,0,140920,0,13,IT Manager - DB,MA,2481,1973-04-05,M ,Single,US Citizen,No,White,2013-01-20,2025-04-28 19:48:37.833969,N/A-StillEmployed,Active,IT/IS,Jennifer Zamora,5.0,Indeed,Fully Meets,3.6,5,7,2019-02-18,0,13,3,0.249138868154856,4481,12.276712328767124,52
Ricardo Ruiz,10222,5,3,3,1,148999,1,13,IT Manager - DB,MA,1915,1964-01-04,M ,Divorced,US Citizen,No,Black or African American,2012-01-09,2015-11-04 00:00:00.000000,hours,Voluntarily Terminated,IT/IS,Jennifer Zamora,5.0,Diversity Job Fair,Fully Meets,4.3,4,6,2015-01-04,0,8,3,0.3871767794339479,1395,3.821917808219178,61
Adell Saada,10126,1,4,3,0,86214,0,24,Software Engineer,MA,2132,1986-07-24,F,Married,US Citizen,No,White,2012-11-05,2025-04-28 19:48:37.833969,N/A-StillEmployed,Active,Software Engineering,Alex Sweetwater,10.0,Indeed,Fully Meets,4.2,3,6,2019-02-13,0,2,3,1.0848636716351772,4557,12.484931506849316,38
Melinda Saar-Beckles,10295,2,5,2,1,47750,0,19,Production Technician I,MA,1801,1968-06-06,F,Single,US Citizen,No,Black or African American,2016-07-04,2025-04-28 19:48:37.833969,N/A-StillEmployed,Active,Production       ,Kelley Spirea,18.0,Diversity Job Fair,Needs Improvement,2.6,4,0,2019-02-18,5,4,2,0.238,3220,8.821917808219178,56
Nore Sadki,10260,5,5,3,0,46428,1,19,Production Technician I,MA,2148,1974-12-21,M ,Single,US Citizen,No,White,2009-01-05,2018-07-30 00:00:00.000000,relocation out of area,Voluntarily Terminated,Production       ,Michael Albert,22.0,Google Search,Fully Meets,4.6,5,0,2018-02-05,0,7,3,0.4475,3493,9.56986301369863,50
Adil Sahoo,10233,1,5,3,0,57975,0,20,Production Technician II,MA,2062,1986-04-26,M ,Married,US Citizen,No,White,2010-08-30,2025-04-28 19:48:37.833969,N/A-StillEmployed,Active,Production       ,Kelley Spirea,18.0,CareerBuilder,Fully Meets,4.1,3,0,2019-01-10,0,13,3,0.2164285714285714,5355,14.67123287671233,39
Jason Salter,10229,5,3,3,0,88527,1,9,Data Analyst ,MA,2452,1987-12-17,M ,Divorced,US Citizen,No,Black or African American,2015-01-05,2015-10-31 00:00:00.000000,hours,Voluntarily Terminated,IT/IS,Simon Roup,4.0,LinkedIn,Fully Meets,4.2,3,5,2015-04-20,0,2,3,1.0797253156409352,299,0.8191780821917808,37
Kamrin Sander,10169,1,5,3,0,56147,0,19,Production Technician I,MA,2154,1988-07-10,F,Married,US Citizen,No,Black or African American,2014-09-29,2025-04-28 19:48:37.833969,N/A-StillEmployed,Active,Production       ,Elijiah Gray,16.0,LinkedIn,Fully Meets,3.51,3,0,2019-02-18,0,2,3,0.951,3864,10.586301369863014,36
Nori Sewkumar,10071,3,5,3,0,50923,0,19,Production Technician I,MA,2191,1975-03-10,F,Single,US Citizen,No,Asian,2013-09-30,2025-04-28 19:48:37.833969,N/A-StillEmployed,Active,Production       ,Webster Butler,nil,Google Search,Fully Meets,5.0,5,0,2019-02-06,0,14,3,0.2466666666666666,4228,11.583561643835615,50
Anita Shepard,10179,1,3,3,0,50750,0,15,Network Engineer,MA,1773,1981-04-14,F,Married,US Citizen,No,White,2014-09-30,2025-04-28 19:48:37.833969,N/A-StillEmployed,Active,IT/IS,Peter Monroe,7.0,LinkedIn,Fully Meets,3.31,3,6,2019-01-07,0,7,3,0.3734488768631914,3863,10.583561643835615,44
Seffi Shields,10091,1,5,3,0,52087,0,19,Production Technician I,MA,2149,1985-08-24,F,Married,US Citizen,No,White,2013-08-19,2025-04-28 19:48:37.833969,N/A-StillEmployed,Active,Production       ,Amy Dunn,11.0,LinkedIn,Fully Meets,4.81,4,0,2019-02-15,0,15,3,0.2151874999999999,4270,11.6986301369863,39
Kramer Simard,10178,1,3,3,0,87826,0,9,Data Analyst,MA,2110,1970-02-08,M ,Married,US Citizen,Yes,White,2015-01-05,2025-04-28 19:48:37.833969,N/A-StillEmployed,Active,IT/IS,Simon Roup,4.0,Employee Referral,Fully Meets,3.32,3,7,2019-01-14,0,16,3,0.176702597303999,3766,10.31780821917808,55
Nan Singh,10039,1,1,3,0,51920,0,2,Administrative Assistant,MA,2330,1988-05-19,F,Single,US Citizen,No,White,2015-05-01,2025-04-28 19:48:37.833969,N/A-StillEmployed,Active,Admin Offices,Brandon R. LeBlanc,1.0,Website,Fully Meets,5.0,3,5,2019-01-15,0,2,3,1.1597253156409353,3650,10.0,36
Constance Sloan,10095,5,5,3,0,63878,1,20,Production Technician II,MA,1851,1987-11-25,F,Single,US Citizen,No,White,2009-10-26,2015-04-08 00:00:00.000000,maternity leave - did not return,Voluntarily Terminated,Production       ,Michael Albert,22.0,CareerBuilder,Fully Meets,4.68,4,0,2015-04-02,0,20,3,0.1620952380952381,1990,5.452054794520548,37
Joe Smith,10027,1,5,4,0,60656,0,20,Production Technician II,MA,2045,1963-10-30,M ,Single,US Citizen,No,White,2014-09-29,2025-04-28 19:48:37.833969,N/A-StillEmployed,Active,Production       ,Elijiah Gray,16.0,Indeed,Exceeds,4.3,3,0,2019-01-28,0,4,4,0.698,3864,10.586301369863014,61
John Smith,10291,1,6,2,1,72992,0,21,Sales Manager,MA,1886,1984-08-16,M ,Divorced,US Citizen,No,Black or African American,2014-05-18,2025-04-28 19:48:37.833969,N/A-StillEmployed,Active,Sales,Debra Houlihan,15.0,Diversity Job Fair,Needs Improvement,2.4,4,0,2019-01-16,2,16,2,0.1221052631578947,3998,10.953424657534246,40
Leigh Ann Smith,10153,5,1,3,1,55000,1,2,Administrative Assistant,MA,1844,1987-06-14,F,Married,US Citizen,No,Black or African American,2011-09-26,2013-09-25 00:00:00.000000,career change,Voluntarily Terminated,Admin Offices,Brandon R. LeBlanc,1.0,Diversity Job Fair,Fully Meets,3.8,4,4,2013-08-15,0,17,3,0.1833857661801894,730,2.0,37
Sade Smith,10157,1,5,3,0,58939,0,19,Production Technician I,MA,2130,1965-02-02,F,Single,US Citizen,No,White,2013-11-11,2025-04-28 19:48:37.833969,N/A-StillEmployed,Active,Production       ,Ketsia Liebig,19.0,Employee Referral,Fully Meets,3.73,3,0,2019-01-24,0,16,3,0.1717058823529411,4186,11.468493150684932,60
Julia Soto,10119,1,3,3,0,66593,0,14,IT Support,MA,2360,1973-03-12,F,Married,US Citizen,No,Black or African American,2011-06-10,2025-04-28 19:48:37.833969,N/A-StillEmployed,Active,IT/IS,Eric Dougall,6.0,LinkedIn,Fully Meets,4.3,3,5,2019-02-08,0,19,3,0.1634587973461402,5071,13.893150684931507,52
Keyser Soze,10180,2,3,3,0,87565,0,28,Sr. Network Engineer,MA,1545,1983-02-09,M ,Married,US Citizen,No,Asian,2016-06-30,2025-04-28 19:48:37.833969,N/A-StillEmployed,Active,IT/IS,Peter Monroe,7.0,LinkedIn,Fully Meets,3.27,4,5,2019-01-14,0,13,3,0.2257268533516289,3224,8.832876712328767,42
Taylor Sparks,10302,1,5,1,0,64021,0,19,Production Technician I,MA,2093,1968-07-20,F,Married,US Citizen,No,White,2012-02-20,2025-04-28 19:48:37.833969,N/A-StillEmployed,Active,Production       ,Brannon Miller,12.0,Indeed,PIP,2.4,2,1,2019-02-25,6,20,1,0.0588635080761479,4816,13.194520547945206,56
Kelley Spirea,10090,1,5,3,0,65714,0,18,Production Manager,MA,2451,1975-09-30,F,Married,US Citizen,No,White,2012-10-02,2025-04-28 19:48:37.833969,N/A-StillEmployed,Active,Production       ,Janet King,2.0,LinkedIn,Fully Meets,4.83,5,0,2019-02-14,0,15,3,0.2280625,4591,12.578082191780824,49
Kristen Squatrito,10030,5,5,4,0,62425,1,19,Production Technician I,MA,2359,1973-03-26,F,Divorced,US Citizen,No,White,2013-05-13,2015-06-29 00:00:00.000000,unhappy,Voluntarily Terminated,Production       ,David Stanley,14.0,LinkedIn,Exceeds,4.1,4,0,2015-03-02,0,16,4,0.2135294117647058,777,2.128767123287671,52
Barbara M Stanford,10278,1,5,3,0,47961,0,19,Production Technician I,MA,2050,1982-08-25,F,Divorced,US Citizen,No,Two or more races,2011-01-10,2025-04-28 19:48:37.833969,N/A-StillEmployed,Active,Production       ,Kissy Sullivan,20.0,Google Search,Fully Meets,4.1,4,0,2019-02-07,0,9,3,0.3229999999999999,5222,14.306849315068494,42
Norman Stansfield,10307,1,6,1,0,58273,0,3,Area Sales Manager,NV,89139,1974-05-09,M ,Married,US Citizen,No,White,2014-05-12,2025-04-28 19:48:37.833969,N/A-StillEmployed,Active,Sales,Lynn Daneault,21.0,Website,PIP,1.81,2,0,2019-01-17,3,5,1,0.1492222222222222,4004,10.96986301369863,50
Tyrone Steans,10147,1,1,3,0,63003,0,1,Accountant I,MA,2703,1986-09-01,M ,Single,US Citizen,No,White,2014-09-29,2025-04-28 19:48:37.833969,N/A-StillEmployed,Active,Admin Offices,Brandon R. LeBlanc,1.0,Indeed,Fully Meets,3.9,5,5,2019-01-18,0,9,3,0.3549175946922805,3864,10.586301369863014,38
Rick Stoica,10266,1,5,3,0,61355,0,19,Production Technician I,MA,2301,1985-03-14,M ,Married,US Citizen,No,Asian,2014-02-17,2025-04-28 19:48:37.833969,N/A-StillEmployed,Active,Production       ,Kelley Spirea,18.0,LinkedIn,Fully Meets,4.7,3,0,2019-01-11,0,4,3,0.6420000000000001,4088,11.2,40
Caitrin Strong,10241,1,6,3,0,60120,0,3,Area Sales Manager,MT,59102,1989-05-12,F,Married,US Citizen,No,Black or African American,2010-09-27,2025-04-28 19:48:37.833969,N/A-StillEmployed,Active,Sales,John Smith,17.0,Indeed,Fully Meets,4.1,4,0,2019-01-31,0,18,3,0.1699999999999999,5327,14.594520547945203,35
Kissy Sullivan,10158,1,5,3,0,63682,0,18,Production Manager,MA,1776,1978-03-28,F,Married,US Citizen,No,Black or African American,2009-01-08,2025-04-28 19:48:37.833969,N/A-StillEmployed,Active,Production       ,Janet King,2.0,Indeed,Fully Meets,3.73,4,0,2019-01-24,0,12,3,0.2399230769230769,5954,16.312328767123287,47
Timothy Sullivan,10117,1,5,3,0,63025,0,19,Production Technician I,MA,2747,1982-10-07,M ,Married,US Citizen,Yes,White,2015-01-05,2025-04-28 19:48:37.833969,N/A-StillEmployed,Active,Production       ,Michael Albert,22.0,Google Search,Fully Meets,4.36,5,0,2019-01-24,0,10,3,0.3189090909090909,3766,10.31780821917808,42
Barbara Sutwell,10209,1,5,3,0,59238,0,19,Production Technician I,MA,2718,1968-08-15,F,Single,Eligible NonCitizen,No,Asian,2012-05-14,2025-04-28 19:48:37.833969,N/A-StillEmployed,Active,Production       ,Elijiah Gray,16.0,Indeed,Fully Meets,3.4,5,0,2019-01-31,0,13,3,0.23,4732,12.964383561643835,56
Andrew Szabo,10024,1,4,4,0,92989,0,24,Software Engineer,MA,2140,1983-05-06,M ,Single,US Citizen,No,White,2014-07-07,2025-04-28 19:48:37.833969,N/A-StillEmployed,Active,Software Engineering,Alex Sweetwater,10.0,LinkedIn,Exceeds,4.5,5,5,2019-02-18,0,1,4,2.064587973461403,3948,10.816438356164385,41
Biff Tannen,10173,1,3,3,0,90100,0,4,BI Developer,MA,2134,1987-10-24,M ,Married,US Citizen,No,White,2017-04-20,2025-04-28 19:48:37.833969,N/A-StillEmployed,Active,IT/IS,Brian Champaigne,13.0,Indeed,Fully Meets,3.4,3,6,2019-01-02,0,14,3,0.2009727343270354,2930,8.027397260273972,37
Desiree Tavares,10221,5,5,3,1,60754,1,19,Production Technician I,MA,1801,1975-04-03,F,Married,Non-Citizen,No,Black or African American,2009-04-27,2013-04-01 00:00:00.000000,Another position,Voluntarily Terminated,Production       ,Webster Butler,39.0,Diversity Job Fair,Fully Meets,4.5,5,0,2012-02-15,0,11,3,0.2958333333333333,1435,3.9315068493150687,50
Lenora Tejeda,10146,5,5,3,0,72202,1,20,Production Technician II,MA,2129,1953-05-24,F,Married,US Citizen,No,White,2011-05-16,2017-07-08 00:00:00.000000,Another position,Voluntarily Terminated,Production       ,Elijiah Gray,16.0,Google Search,Fully Meets,3.93,3,0,2017-04-18,0,3,3,0.7447500000000001,2245,6.1506849315068495,71
Sharlene Terry,10161,1,6,3,0,58370,0,3,Area Sales Manager,OR,97756,1965-05-07,F,Single,US Citizen,No,Black or African American,2014-09-29,2025-04-28 19:48:37.833969,N/A-StillEmployed,Active,Sales,Lynn Daneault,21.0,Indeed,Fully Meets,3.69,3,0,2019-01-28,0,18,3,0.153,3864,10.586301369863014,59
Sophia Theamstern,10141,5,5,3,0,48413,1,19,Production Technician I,MA,2066,1965-05-09,F,Single,US Citizen,No,White,2011-07-05,2016-09-05 00:00:00.000000,return to school,Voluntarily Terminated,Production       ,Amy Dunn,11.0,Indeed,Fully Meets,3.98,4,0,2016-03-02,0,1,3,1.597,1889,5.175342465753425,59
Kenneth Thibaud,10268,5,5,3,0,67176,1,20,Production Technician II,MA,2472,1975-09-16,M ,Widowed,US Citizen,No,White,2007-06-25,2010-08-30 00:00:00.000000,military,Voluntarily Terminated,Production       ,Webster Butler,39.0,Other,Fully Meets,4.1,4,0,2010-07-14,0,15,3,0.2018749999999999,1162,3.1835616438356165,49
Jeanette Tippett,10123,1,5,3,0,56339,0,19,Production Technician I,MA,2093,1967-06-05,F,Divorced,US Citizen,No,Black or African American,2013-02-18,2025-04-28 19:48:37.833969,N/A-StillEmployed,Active,Production       ,Brannon Miller,12.0,Indeed,Fully Meets,4.21,5,0,2019-01-14,0,4,3,0.6926,4452,12.197260273972605,57
Jack Torrence,10013,1,6,4,0,64397,0,3,Area Sales Manager,ND,58782,1968-01-15,M ,Separated,US Citizen,No,White,2006-01-09,2025-04-28 19:48:37.833969,N/A-StillEmployed,Active,Sales,Lynn Daneault,21.0,Indeed,Exceeds,4.1,3,0,2019-01-04,0,6,4,0.49,7049,19.312328767123287,57
Mei Trang,10287,1,5,2,0,63025,0,19,Production Technician I,MA,2021,1983-05-16,F,Single,US Citizen,No,White,2014-02-17,2025-04-28 19:48:37.833969,N/A-StillEmployed,Active,Production       ,David Stanley,14.0,LinkedIn,Needs Improvement,2.44,5,0,2019-02-11,4,18,2,0.1100869565217391,4088,11.2,41
Neville Tredinnick,10044,5,3,3,0,75281,1,15,Network Engineer,MA,1420,1988-05-05,M ,Married,US Citizen,No,White,2015-01-05,2016-02-12 00:00:00.000000,medical issues,Voluntarily Terminated,IT/IS,Peter Monroe,7.0,CareerBuilder,Fully Meets,5.0,3,5,2015-04-15,0,11,3,0.2899313289102338,403,1.104109589041096,36
Edward True,10102,5,4,3,1,100416,1,24,Software Engineer,MA,2451,1983-06-14,M ,Single,Non-Citizen,No,Black or African American,2013-02-18,2018-04-15 00:00:00.000000,medical issues,Voluntarily Terminated,Software Engineering,Alex Sweetwater,10.0,Diversity Job Fair,Fully Meets,4.6,3,4,2017-02-12,0,9,3,0.334094379124341,1882,5.156164383561644,41
Cybil Trzeciak,10270,5,5,3,0,74813,1,20,Production Technician II,MA,1778,1985-03-15,F,Single,US Citizen,No,White,2011-01-10,2014-07-02 00:00:00.000000,unhappy,Voluntarily Terminated,Production       ,Amy Dunn,11.0,LinkedIn,Fully Meets,4.4,3,0,2014-01-05,0,5,3,0.5200000000000001,1269,3.4767123287671238,40
Jumil Turpin,10045,1,3,3,0,76029,0,15,Network Engineer,MA,2343,1969-03-31,M ,Married,Eligible NonCitizen,No,White,2015-03-30,2025-04-28 19:48:37.833969,N/A-StillEmployed,Active,IT/IS,Peter Monroe,7.0,Employee Referral,Fully Meets,5.0,4,7,2019-01-14,0,8,3,0.4119937949075537,3682,10.087671232876712,56
Jackie Valentin,10205,1,6,3,0,57859,0,3,Area Sales Manager,AZ,85006,1991-05-23,F,Married,US Citizen,No,Two or more races,2011-07-05,2025-04-28 19:48:37.833969,N/A-StillEmployed,Active,Sales,John Smith,17.0,Indeed,Fully Meets,2.81,3,0,2019-01-17,0,16,3,0.1554705882352941,5046,13.824657534246576,33
Abdellah Veera,10014,5,5,4,0,58523,1,19,Production Technician I,MA,2171,1987-01-31,M ,Divorced,US Citizen,No,White,2012-08-13,2016-02-05 00:00:00.000000,maternity leave - did not return,Voluntarily Terminated,Production       ,Kissy Sullivan,20.0,LinkedIn,Exceeds,4.5,5,0,2016-02-01,0,15,4,0.246875,1271,3.4821917808219176,38
Vincent Vega,10144,1,5,3,0,88976,0,17,Production Manager,MA,2169,1968-10-10,M ,Divorced,US Citizen,No,White,2011-08-01,2025-04-28 19:48:37.833969,N/A-StillEmployed,Active,Production       ,Janet King,2.0,Employee Referral,Fully Meets,3.93,3,0,2019-02-27,0,19,3,0.14895,5019,13.75068493150685,56
Noah Villanueva,10253,1,6,3,0,55875,0,3,Area Sales Manager,ME,4063,1989-07-11,M ,Single,US Citizen,No,Asian,2012-03-05,2025-04-28 19:48:37.833969,N/A-StillEmployed,Active,Sales,John Smith,17.0,Website,Fully Meets,4.5,4,0,2019-01-18,0,11,3,0.2791666666666666,4802,13.156164383561643,35
Lord Voldemort,10118,4,3,3,0,113999,1,8,Database Administrator,MA,1960,1986-08-07,M ,Married,US Citizen,No,Black or African American,2015-02-16,2017-02-22 00:00:00.000000,"no-call, no-show",Terminated for Cause,IT/IS,Simon Roup,4.0,Employee Referral,Fully Meets,4.33,3,7,2017-02-15,0,9,3,0.3306944154167984,737,2.0191780821917806,38
Colleen Volk,10022,4,5,4,0,49773,1,19,Production Technician I,MA,2747,1986-06-03,F,Married,US Citizen,No,White,2011-09-26,2016-02-08 00:00:00.000000,gross misconduct,Terminated for Cause,Production       ,Kelley Spirea,18.0,Google Search,Exceeds,4.3,5,0,2015-02-01,0,18,4,0.2047368421052631,1596,4.372602739726028,38
Anna Von Massenbach,10183,2,5,3,0,62068,0,19,Production Technician I,MA,2124,1985-04-06,F,Single,US Citizen,No,White,2015-07-05,2025-04-28 19:48:37.833969,N/A-StillEmployed,Active,Production       ,Michael Albert,22.0,LinkedIn,Fully Meets,3.21,3,0,2019-01-29,0,7,3,0.345375,3585,9.821917808219178,40
Roger Walker,10190,1,5,3,0,66541,0,20,Production Technician II,MA,2459,1976-02-10,M ,Single,US Citizen,No,Black or African American,2014-08-18,2025-04-28 19:48:37.833969,N/A-StillEmployed,Active,Production       ,Ketsia Liebig,19.0,Employee Referral,Fully Meets,3.11,5,0,2019-02-12,0,4,3,0.6266,3906,10.7013698630137,49
Courtney E Wallace,10274,5,5,3,1,80512,1,18,Production Manager,MA,2478,1955-11-14,F,Married,US Citizen,No,Black or African American,2011-09-26,2012-01-02 00:00:00.000000,Another position,Voluntarily Terminated,Production       ,Janet King,2.0,Diversity Job Fair,Fully Meets,4.5,3,0,2012-01-02,0,5,3,0.525,98,0.2684931506849315,69
Theresa Wallace,10293,5,5,2,0,50274,1,19,Production Technician I,MA,1887,1980-08-02,F,Single,US Citizen,No,White,2012-08-13,2015-09-01 00:00:00.000000,career change,Voluntarily Terminated,Production       ,Elijiah Gray,16.0,CareerBuilder,Needs Improvement,2.5,3,0,2014-09-05,6,13,2,0.1075,1114,3.052054794520548,44
Charlie Wang,10172,1,3,3,0,84903,0,22,Senior BI Developer,MA,1887,1981-07-08,M ,Single,US Citizen,No,Asian,2017-02-15,2025-04-28 19:48:37.833969,N/A-StillEmployed,Active,IT/IS,Brian Champaigne,13.0,Indeed,Fully Meets,3.42,4,7,2019-01-04,0,17,3,0.1796635641204435,2994,8.202739726027398,43
Sarah Warfield,10127,1,3,3,0,107226,0,28,Sr. Network Engineer,MA,2453,1978-05-02,F,Widowed,US Citizen,No,Asian,2015-03-30,2025-04-28 19:48:37.833969,N/A-StillEmployed,Active,IT/IS,Peter Monroe,7.0,Employee Referral,Fully Meets,4.2,4,8,2019-02-05,0,7,3,0.4349653072167027,3682,10.087671232876712,46
Scott Whittier,10072,5,5,3,0,58371,1,19,Production Technician I,MA,2030,1987-05-24,M ,Single,US Citizen,Yes,White,2011-01-10,2014-05-15 00:00:00.000000,hours,Voluntarily Terminated,Production       ,Webster Butler,39.0,LinkedIn,Fully Meets,5.0,5,0,2014-05-15,0,11,3,0.3083333333333333,1221,3.345205479452055,37
Barry Wilber,10048,5,5,3,0,55140,1,19,Production Technician I,MA,2324,1965-09-09,M ,Married,Eligible NonCitizen,No,White,2011-05-16,2015-09-07 00:00:00.000000,unhappy,Voluntarily Terminated,Production       ,Amy Dunn,11.0,Website,Fully Meets,5.0,3,0,2015-02-15,0,7,3,0.4125,1575,4.315068493150685,59
Annie Wilkes,10204,5,5,3,0,58062,1,19,Production Technician I,MA,1876,1983-07-30,F,Divorced,US Citizen,No,White,2011-01-10,2012-05-14 00:00:00.000000,Another position,Voluntarily Terminated,Production       ,Ketsia Liebig,19.0,Google Search,Fully Meets,3.6,5,0,2011-02-06,0,9,3,0.328,490,1.3424657534246576,41
Jacquelyn Williams,10264,5,5,3,1,59728,1,19,Production Technician I,MA,2109,1969-10-02,F,Single,US Citizen,Yes,Black or African American,2012-01-09,2015-06-27 00:00:00.000000,relocation out of area,Voluntarily Terminated,Production       ,Ketsia Liebig,19.0,Diversity Job Fair,Fully Meets,4.3,4,0,2014-06-02,0,16,3,0.1935294117647059,1265,3.4657534246575343,55
Jordan Winthrop,10033,5,5,4,0,70507,1,20,Production Technician II,MA,2045,1958-11-07,M ,Single,US Citizen,No,White,2013-01-07,2016-02-21 00:00:00.000000,retiring,Voluntarily Terminated,Production       ,Brannon Miller,12.0,LinkedIn,Exceeds,5.0,3,0,2016-01-19,0,7,4,0.4625,1140,3.1232876712328768,66
Hang T Wolk,10174,1,5,3,0,60446,0,20,Production Technician II,MA,2302,1985-04-20,F,Single,US Citizen,No,White,2014-09-29,2025-04-28 19:48:37.833969,N/A-StillEmployed,Active,Production       ,David Stanley,14.0,LinkedIn,Fully Meets,3.4,4,0,2019-02-21,0,14,3,0.2013333333333333,3864,10.586301369863014,40
Jason Woodson,10135,1,5,3,0,65893,0,20,Production Technician II,MA,1810,1985-05-11,M ,Single,US Citizen,No,White,2014-07-07,2025-04-28 19:48:37.833969,N/A-StillEmployed,Active,Production       ,Kissy Sullivan,20.0,LinkedIn,Fully Meets,4.07,4,0,2019-02-28,0,13,3,0.2300714285714285,3948,10.816438356164385,39
Catherine Ybarra,10301,5,5,1,0,48513,1,19,Production Technician I,MA,2458,1982-05-04,F,Single,US Citizen,No,Asian,2008-09-02,2015-09-29 00:00:00.000000,Another position,Voluntarily Terminated,Production       ,Brannon Miller,12.0,Google Search,PIP,3.2,2,0,2015-09-02,5,4,1,0.176,2583,7.076712328767123,42
Jennifer Zamora,10010,1,3,4,0,220450,0,6,CIO,MA,2067,1979-08-30,F,Single,US Citizen,No,White,2010-04-10,2025-04-28 19:48:37.833969,N/A-StillEmployed,Active,IT/IS,Janet King,2.0,Employee Referral,Exceeds,4.6,5,6,2019-02-21,0,16,4,0.2455641773473842,5497,15.06027397260274,45
Julia Zhou,10043,1,3,3,0,89292,0,9,Data Analyst,MA,2148,1979-02-24,F,Single,US Citizen,No,White,2015-03-30,2025-04-28 19:48:37.833969,N/A-StillEmployed,Active,IT/IS,Simon Roup,4.0,Employee Referral,Fully Meets,5.0,3,5,2019-02-01,0,11,3,0.2899313289102338,3682,10.087671232876712,46
Colleen Zima,10271,1,5,3,0,45046,0,19,Production Technician I,MA,1730,1978-08-17,F,Widowed,US Citizen,No,Asian,2014-09-29,2025-04-28 19:48:37.833969,N/A-StillEmployed,Active,Production       ,David Stanley,14.0,LinkedIn,Fully Meets,4.5,5,0,2019-01-30,0,2,3,1.1833333333333331,3864,10.586301369863014,46
